LslMarkerSourceTimestamp,LslLocalTimestamp,LocalTimestamp,EmotiBitTimestamp,PacketNumber,DataLength,TypeTag,ProtocolVersion,DataReliability,SF
1095.466633,1095.466613,1661327413.753403,36591.000,3806,1,SF,1,100,32.8227
1095.797014,1095.796994,1661327414.083784,36911.000,3854,1,SF,1,100,32.4430
1096.130492,1096.130472,1661327414.417262,37234.000,3907,1,SF,1,100,32.0677
1096.526949,1096.526929,1661327414.813719,37618.000,3974,1,SF,1,100,31.6968
1096.858362,1096.858342,1661327415.145132,37939.000,4024,1,SF,1,100,33.4123
1097.123700,1097.123679,1661327415.410470,38196.000,4080,1,SF,1,100,35.1081
1097.455113,1097.455093,1661327415.741883,38517.000,4132,1,SF,1,100,34.7020
1097.786526,1097.786506,1661327416.073296,38838.000,4185,1,SF,1,100,38.4650
1098.189178,1098.189158,1661327416.475948,39228.000,4255,1,SF,1,100,40.1023
1098.522656,1098.522636,1661327416.809426,39551.000,4307,1,SF,1,100,39.6384
1098.790058,1098.790038,1661327417.076828,39810.000,4360,1,SF,1,100,43.3444
1099.121471,1099.121451,1661327417.408242,40131.000,4410,1,SF,1,100,42.8430
1099.457014,1099.456994,1661327417.743785,40456.000,4463,1,SF,1,100,44.4296
1099.789460,1099.789440,1661327418.076230,40778.000,4513,1,SF,1,100,45.9979
1100.122938,1100.122918,1661327418.409708,41101.000,4572,1,SF,1,100,45.4658
1100.455384,1100.455364,1661327418.742154,41423.000,4624,1,SF,1,100,47.0221
1100.854938,1100.854918,1661327419.141709,41810.000,4689,1,SF,1,100,46.4781
1101.185319,1101.185299,1661327419.472090,42130.000,4746,1,SF,1,100,48.0227
1101.452721,1101.452701,1661327419.739492,42389.000,4794,1,SF,1,100,47.4672
1101.781037,1101.781017,1661327420.067808,42707.000,4847,1,SF,1,100,46.9181
1102.114515,1102.114495,1661327420.401286,43030.000,4898,1,SF,1,100,48.4576
1102.445928,1102.445908,1661327420.732699,43351.000,4951,1,SF,1,100,47.8970
1102.842385,1102.842365,1661327421.129156,43735.000,5016,1,SF,1,100,47.3429
1103.174831,1103.174811,1661327421.461602,44057.000,5073,1,SF,1,100,48.8775
1103.439136,1103.439116,1661327421.725907,44313.000,5124,1,SF,1,100,50.3944
1103.774679,1103.774659,1661327422.061450,44638.000,5173,1,SF,1,100,49.8114
1104.107124,1104.107104,1661327422.393896,44960.000,5226,1,SF,1,100,51.3174
1104.507711,1104.507691,1661327422.794482,45348.000,5293,1,SF,1,100,50.7238
1104.839124,1104.839105,1661327423.125896,45669.000,5346,1,SF,1,100,50.1370
1105.108591,1105.108571,1661327423.395363,45930.000,5399,1,SF,1,100,51.6393
1105.441037,1105.441017,1661327423.727808,46252.000,5456,1,SF,1,100,53.1242
1105.775548,1105.775528,1661327424.062319,46576.000,5505,1,SF,1,100,52.5096
1106.172005,1106.171985,1661327424.458776,46960.000,5577,1,SF,1,100,51.9022
1106.504450,1106.504430,1661327424.791222,47282.000,5627,1,SF,1,100,51.3018
1106.769787,1106.769768,1661327425.056559,47539.000,5676,1,SF,1,100,50.7083
1107.101201,1107.101181,1661327425.387973,47860.000,5725,1,SF,1,100,50.1217
1107.431582,1107.431562,1661327425.718354,48180.000,5777,1,SF,1,100,49.5419
1107.764027,1107.764007,1661327426.050799,48502.000,5827,1,SF,1,100,48.9688
1108.095441,1108.095421,1661327426.382213,48823.000,5878,1,SF,1,100,48.4023
1108.492930,1108.492910,1661327426.779702,49208.000,5950,1,SF,1,100,49.9247
1108.824343,1108.824323,1661327427.111115,49529.000,6002,1,SF,1,100,51.4294
1109.093810,1109.093790,1661327427.380582,49790.000,6055,1,SF,1,100,52.9167
1109.426256,1109.426236,1661327427.713028,50112.000,6110,1,SF,1,100,54.3868
1109.759734,1109.759714,1661327428.046506,50435.000,6159,1,SF,1,100,53.7576
1110.159288,1110.159269,1661327428.446061,50822.000,6228,1,SF,1,100,55.2180
1110.493799,1110.493779,1661327428.780571,51146.000,6280,1,SF,1,100,56.6615
1110.827277,1110.827257,1661327429.114050,51469.000,6339,1,SF,1,100,58.0883
1111.159723,1111.159703,1661327429.446495,51791.000,6393,1,SF,1,100,57.4163
1111.426092,1111.426073,1661327429.712865,52049.000,6442,1,SF,1,100,56.7521
1111.756473,1111.756453,1661327430.043246,52369.000,6493,1,SF,1,100,58.1779
1112.088919,1112.088899,1661327430.375692,52691.000,6545,1,SF,1,100,59.5871
1112.488473,1112.488453,1661327430.775246,53078.000,6615,1,SF,1,100,58.8978
1112.816789,1112.816769,1661327431.103562,53396.000,6663,1,SF,1,100,58.2165
1113.084191,1113.084171,1661327431.370964,53655.000,6718,1,SF,1,100,59.6253
1113.414572,1113.414552,1661327431.701345,53975.000,6768,1,SF,1,100,61.0178
1113.748050,1113.748030,1661327432.034823,54298.000,6822,1,SF,1,100,60.3119
1114.079463,1114.079444,1661327432.366236,54619.000,6874,1,SF,1,100,61.6965
1114.411909,1114.411889,1661327432.698682,54941.000,6927,1,SF,1,100,63.0650
1114.813528,1114.813509,1661327433.100302,55330.000,6996,1,SF,1,100,64.4177
1115.145974,1115.145954,1661327433.432747,55652.000,7050,1,SF,1,100,65.7548
1115.413376,1115.413356,1661327433.700150,55911.000,7102,1,SF,1,100,64.9941
1115.745822,1115.745802,1661327434.032595,56233.000,7154,1,SF,1,100,68.4068
1116.080332,1116.080313,1661327434.367106,56557.000,7210,1,SF,1,100,67.6155
1116.411746,1116.411726,1661327434.698519,56878.000,7264,1,SF,1,100,70.9978
1116.748321,1116.748301,1661327435.035095,57204.000,7317,1,SF,1,100,72.2587
1117.145810,1117.145791,1661327435.432584,57589.000,7389,1,SF,1,100,73.5051
1117.478256,1117.478237,1661327435.765030,57911.000,7437,1,SF,1,100,72.6548
1117.742561,1117.742541,1661327436.029335,58167.000,7490,1,SF,1,100,73.8966
1118.076039,1118.076019,1661327436.362813,58490.000,7540,1,SF,1,100,75.1240
1118.405387,1118.405368,1661327436.692161,58809.000,7596,1,SF,1,100,76.3372
1118.736801,1118.736781,1661327437.023575,59130.000,7646,1,SF,1,100,75.4541
1119.140485,1119.140465,1661327437.427259,59521.000,7715,1,SF,1,100,76.6635
1119.469833,1119.469814,1661327437.756607,59840.000,7768,1,SF,1,100,77.8589
1119.739300,1119.739280,1661327438.026074,60101.000,7820,1,SF,1,100,79.0405
1120.075875,1120.075856,1661327438.362650,60427.000,7872,1,SF,1,100,78.1261
1120.407289,1120.407269,1661327438.694063,60748.000,7924,1,SF,1,100,79.3046
1120.808908,1120.808888,1661327439.095682,61137.000,7989,1,SF,1,100,78.3872
1121.208462,1121.208443,1661327439.495237,61524.000,8047,1,SF,1,100,77.4804
1121.409788,1121.409769,1661327439.696563,61719.000,8081,1,SF,1,100,76.5841
1121.808310,1121.808290,1661327440.095085,62105.000,8149,1,SF,1,100,75.6982
1122.141788,1122.141769,1661327440.428563,62428.000,8201,1,SF,1,100,76.9048
1122.405060,1122.405041,1661327440.691835,62683.000,8254,1,SF,1,100,78.0974
1122.738539,1122.738519,1661327441.025313,63006.000,8304,1,SF,1,100,79.2762
1123.067887,1123.067867,1661327441.354662,63325.000,8358,1,SF,1,100,80.4414
1123.400333,1123.400313,1661327441.687108,63647.000,8412,1,SF,1,100,81.5931
1123.799887,1123.799867,1661327442.086662,64034.000,8479,1,SF,1,100,82.7315
1124.135430,1124.135411,1661327442.422205,64359.000,8532,1,SF,1,100,83.8567
1124.400767,1124.400748,1661327442.687542,64616.000,8582,1,SF,1,100,82.8866
1124.736310,1124.736291,1661327443.023085,64941.000,8636,1,SF,1,100,84.0100
1125.066691,1125.066672,1661327443.353466,65261.000,8684,1,SF,1,100,83.0382
1125.400169,1125.400150,1661327443.686944,65584.000,8737,1,SF,1,100,82.0776
1125.800756,1125.800736,1661327444.087531,65972.000,8804,1,SF,1,100,83.2104
1126.067125,1126.067106,1661327444.353901,66230.000,8855,1,SF,1,100,82.2478
1126.399571,1126.399552,1661327444.686347,66552.000,8917,1,SF,1,100,83.3786
1126.733049,1126.733030,1661327445.019825,66875.000,8965,1,SF,1,100,82.4140
1127.067560,1127.067541,1661327445.354336,67199.000,9016,1,SF,1,100,83.5429
1127.467114,1127.467095,1661327445.753890,67586.000,9085,1,SF,1,100,84.6588
1127.734516,1127.734497,1661327446.021292,67845.000,9138,1,SF,1,100,83.6794
1128.067994,1128.067975,1661327446.354770,68168.000,9187,1,SF,1,100,82.7114
1128.396310,1128.396291,1661327446.683086,68486.000,9240,1,SF,1,100,83.8368
1128.732886,1128.732866,1661327447.019662,68812.000,9292,1,SF,1,100,84.9493
1129.130375,1129.130356,1661327447.417151,69197.000,9366,1,SF,1,100,86.0488
1129.464886,1129.464866,1661327447.751662,69521.000,9414,1,SF,1,100,85.0534
1129.795267,1129.795247,1661327448.082043,69841.000,9465,1,SF,1,100,84.0695
1130.066798,1130.066779,1661327448.353575,70104.000,9515,1,SF,1,100,85.1792
1130.396147,1130.396127,1661327448.682923,70423.000,9568,1,SF,1,100,86.2761
1130.733755,1130.733735,1661327449.020531,70750.000,9625,1,SF,1,100,87.3603
1131.134341,1131.134322,1661327449.421118,71138.000,9692,1,SF,1,100,86.3497
1131.400711,1131.400692,1661327449.687488,71396.000,9741,1,SF,1,100,85.3508
1131.802330,1131.802311,1661327450.089107,71785.000,9797,1,SF,1,100,84.3635
1132.132711,1132.132692,1661327450.419488,72105.000,9849,1,SF,1,100,85.4698
1132.469286,1132.469267,1661327450.756063,72431.000,9905,1,SF,1,100,84.4811
1132.798635,1132.798616,1661327451.085412,72750.000,9957,1,SF,1,100,87.6683
1133.068102,1133.068083,1661327451.354879,73011.000,10008,1,SF,1,100,86.6542
1133.400547,1133.400528,1661327451.687324,73333.000,10060,1,SF,1,100,87.7340
1133.729896,1133.729877,1661327452.016673,73652.000,10113,1,SF,1,100,88.8013
1134.066471,1134.066452,1661327452.353248,73978.000,10166,1,SF,1,100,87.7741
1134.463961,1134.463942,1661327452.750738,74363.000,10235,1,SF,1,100,88.8410
1134.799504,1134.799485,1661327453.086281,74688.000,10286,1,SF,1,100,89.8955
1135.063808,1135.063789,1661327453.350586,74944.000,10336,1,SF,1,100,88.8556
1135.400384,1135.400365,1661327453.687161,75270.000,10390,1,SF,1,100,87.8277
1135.731797,1135.731778,1661327454.018574,75591.000,10442,1,SF,1,100,88.8940
1136.129287,1136.129268,1661327454.416064,75976.000,10511,1,SF,1,100,89.9479
1136.465862,1136.465843,1661327454.752640,76302.000,10562,1,SF,1,100,88.9074
1136.731199,1136.731180,1661327455.017977,76559.000,10614,1,SF,1,100,89.9611
1137.065710,1137.065691,1661327455.352487,76883.000,10675,1,SF,1,100,91.0027
1137.398156,1137.398136,1661327455.684933,77205.000,10727,1,SF,1,100,89.9500
1137.798742,1137.798723,1661327456.085520,77593.000,10794,1,SF,1,100,90.9917
1138.134285,1138.134266,1661327456.421063,77918.000,10847,1,SF,1,100,92.0213
1138.466731,1138.466712,1661327456.753509,78240.000,10902,1,SF,1,100,93.0391
1138.732068,1138.732049,1661327457.018846,78497.000,10953,1,SF,1,100,94.0450
1139.064514,1139.064495,1661327457.351292,78819.000,11001,1,SF,1,100,92.9571
1139.399024,1139.399005,1661327457.685802,79143.000,11058,1,SF,1,100,96.0463
1139.732503,1139.732484,1661327458.019281,79466.000,11110,1,SF,1,100,97.0175
1140.064948,1140.064929,1661327458.351727,79788.000,11162,1,SF,1,100,95.8952
1140.467600,1140.467581,1661327458.754378,80178.000,11233,1,SF,1,100,96.8681
1140.796948,1140.796929,1661327459.083727,80497.000,11283,1,SF,1,100,97.8298
1141.066415,1141.066396,1661327459.353194,80758.000,11336,1,SF,1,100,98.7803
1141.397828,1141.397810,1661327459.684607,81079.000,11390,1,SF,1,100,99.7199
1141.731307,1141.731288,1661327460.018085,81402.000,11444,1,SF,1,100,100.6486
1142.066850,1142.066831,1661327460.353628,81727.000,11496,1,SF,1,100,101.5665
1142.399295,1142.399276,1661327460.686074,82049.000,11554,1,SF,1,100,102.4738
1142.733806,1142.733787,1661327461.020585,82373.000,11603,1,SF,1,100,101.2884
1143.065219,1143.065200,1661327461.351998,82694.000,11655,1,SF,1,100,100.1167
1143.398697,1143.398678,1661327461.685476,83017.000,11707,1,SF,1,100,98.9585
1143.798252,1143.798233,1661327462.085031,83404.000,11772,1,SF,1,100,97.8138
1144.194709,1144.194690,1661327462.481488,83788.000,11823,1,SF,1,100,96.6823
1144.392937,1144.392918,1661327462.679716,83980.000,11840,1,SF,1,100,95.5639
1144.724351,1144.724332,1661327463.011130,84301.000,11879,1,SF,1,100,96.5406
1145.059894,1145.059875,1661327463.346673,84626.000,11930,1,SF,1,100,97.5061
1145.457383,1145.457364,1661327463.744162,85011.000,11997,1,SF,1,100,96.3781
1145.793958,1145.793940,1661327464.080738,85337.000,12047,1,SF,1,100,95.2632
1146.123307,1146.123288,1661327464.410086,85656.000,12103,1,SF,1,100,96.2434
1146.392774,1146.392755,1661327464.679553,85917.000,12155,1,SF,1,100,97.2123
1146.725219,1146.725201,1661327465.011999,86239.000,12204,1,SF,1,100,96.0878
1147.060762,1147.060744,1661327465.347542,86564.000,12254,1,SF,1,100,97.0585
1147.460317,1147.460298,1661327465.747096,86951.000,12323,1,SF,1,100,95.9357
1147.725654,1147.725635,1661327466.012434,87208.000,12369,1,SF,1,100,96.9082
1148.127273,1148.127254,1661327466.414053,87597.000,12438,1,SF,1,100,97.8694
1148.458686,1148.458668,1661327466.745466,87918.000,12489,1,SF,1,100,96.7372
1148.724023,1148.724005,1661327467.010803,88175.000,12539,1,SF,1,100,97.7004
1149.055437,1149.055418,1661327467.342217,88496.000,12596,1,SF,1,100,100.7347
1149.387882,1149.387864,1661327467.674662,88818.000,12647,1,SF,1,100,99.5694
1149.719296,1149.719277,1661327468.006076,89139.000,12698,1,SF,1,100,100.4998
1150.118850,1150.118831,1661327468.405630,89526.000,12765,1,SF,1,100,99.3372
1150.451296,1150.451277,1661327468.738076,89848.000,12819,1,SF,1,100,102.3526
1150.718698,1150.718679,1661327469.005478,90107.000,12873,1,SF,1,100,103.2508
1151.052176,1151.052157,1661327469.338956,90430.000,12925,1,SF,1,100,104.1387
1151.387719,1151.387700,1661327469.674499,90755.000,12978,1,SF,1,100,102.9340
1151.785208,1151.785190,1661327470.071989,91140.000,13045,1,SF,1,100,103.8255
1152.120751,1152.120733,1661327470.407532,91465.000,13097,1,SF,1,100,104.7067
1152.385056,1152.385037,1661327470.671837,91721.000,13151,1,SF,1,100,103.4954
1152.720599,1152.720580,1661327471.007380,92046.000,13199,1,SF,1,100,102.2982
1153.053045,1153.053026,1661327471.339825,92368.000,13257,1,SF,1,100,103.1971
1153.386523,1153.386504,1661327471.673304,92691.000,13311,1,SF,1,100,104.0855
1153.785045,1153.785026,1661327472.071826,93077.000,13379,1,SF,1,100,102.8814
1154.117491,1154.117472,1661327472.404271,93399.000,13434,1,SF,1,100,105.8558
1154.381795,1154.381777,1661327472.668576,93655.000,13486,1,SF,1,100,106.7135
1154.715273,1154.715255,1661327473.002054,93978.000,13537,1,SF,1,100,105.4790
1155.044622,1155.044603,1661327473.331403,94297.000,13587,1,SF,1,100,106.3411
1155.377067,1155.377049,1661327473.663849,94619.000,13643,1,SF,1,100,105.1109
1155.774557,1155.774538,1661327474.061338,95004.000,13712,1,SF,1,100,105.9773
1156.044024,1156.044005,1661327474.330805,95265.000,13762,1,SF,1,100,106.8336
1156.373372,1156.373354,1661327474.660153,95584.000,13815,1,SF,1,100,105.5977
1156.710980,1156.710962,1661327474.997761,95911.000,13868,1,SF,1,100,106.4584
1157.040328,1157.040310,1661327475.327110,96230.000,13923,1,SF,1,100,107.3091
1157.377936,1157.377918,1661327475.664718,96557.000,13973,1,SF,1,100,106.0678
1157.708317,1157.708299,1661327475.995099,96877.000,14024,1,SF,1,100,106.9230
1158.110969,1158.110950,1661327476.397751,97267.000,14091,1,SF,1,100,105.6861
1158.445479,1158.445461,1661327476.732261,97591.000,14151,1,SF,1,100,106.5458
1158.710817,1158.710798,1661327476.997598,97848.000,14202,1,SF,1,100,107.3955
1159.041197,1159.041179,1661327477.327979,98168.000,14253,1,SF,1,100,108.2354
1159.374676,1159.374657,1661327477.661458,98491.000,14307,1,SF,1,100,109.0656
1159.704024,1159.704005,1661327477.990806,98810.000,14359,1,SF,1,100,109.8862
1160.036470,1160.036451,1661327478.323252,99132.000,14415,1,SF,1,100,110.6973
1160.434992,1160.434973,1661327478.721774,99518.000,14482,1,SF,1,100,109.4167
1160.767437,1160.767419,1661327479.054219,99840.000,14532,1,SF,1,100,110.2332
1161.031742,1161.031723,1661327479.318524,100096.000,14583,1,SF,1,100,108.9580
1161.368317,1161.368299,1661327479.655100,100422.000,14638,1,SF,1,100,107.6976
1161.698698,1161.698680,1661327479.985481,100742.000,14687,1,SF,1,100,106.4517
1162.099285,1162.099267,1661327480.386067,101130.000,14756,1,SF,1,100,107.3026
1162.435860,1162.435842,1661327480.722643,101456.000,14806,1,SF,1,100,106.0613
1162.701198,1162.701179,1661327480.987980,101713.000,14855,1,SF,1,100,104.8344
1163.034676,1163.034657,1661327481.321458,102036.000,14909,1,SF,1,100,105.7039
1163.368154,1163.368135,1661327481.654937,102359.000,14961,1,SF,1,100,104.4811
1163.699567,1163.699549,1661327481.986350,102680.000,15016,1,SF,1,100,105.3547
1164.032013,1164.031994,1661327482.318796,103002.000,15067,1,SF,1,100,104.1359
1164.429502,1164.429484,1661327482.716285,103387.000,15139,1,SF,1,100,102.9313
1164.761948,1164.761930,1661327483.048731,103709.000,15189,1,SF,1,100,103.8228
1165.093361,1165.093343,1661327483.380144,104030.000,15244,1,SF,1,100,104.7041
1165.358698,1165.358680,1661327483.645481,104287.000,15296,1,SF,1,100,105.5751
1165.690112,1165.690093,1661327483.976895,104608.000,15350,1,SF,1,100,108.5183
1166.021525,1166.021507,1661327484.308308,104929.000,15404,1,SF,1,100,109.3452
1166.352938,1166.352920,1661327484.639721,105250.000,15457,1,SF,1,100,110.1625
1166.750428,1166.750409,1661327485.037211,105635.000,15524,1,SF,1,100,110.9704
1167.087003,1167.086985,1661327485.373786,105961.000,15575,1,SF,1,100,109.6867
1167.416352,1167.416333,1661327485.703135,106280.000,15626,1,SF,1,100,110.5001
1167.685818,1167.685800,1661327485.972602,106541.000,15681,1,SF,1,100,111.3041
1168.017232,1168.017213,1661327486.304015,106862.000,15732,1,SF,1,100,112.0987
1168.351742,1168.351724,1661327486.638526,107186.000,15784,1,SF,1,100,112.8842
1168.684188,1168.684170,1661327486.970972,107508.000,15837,1,SF,1,100,113.6606
1169.085807,1169.085789,1661327487.372591,107897.000,15893,1,SF,1,100,112.3458
1169.350112,1169.350094,1661327487.636896,108153.000,15946,1,SF,1,100,113.1284
1169.681525,1169.681507,1661327487.968309,108474.000,15997,1,SF,1,100,113.9020
1170.012938,1170.012920,1661327488.299722,108795.000,16049,1,SF,1,100,114.6666
1170.344352,1170.344333,1661327488.631136,109116.000,16101,1,SF,1,100,115.4224
1170.740809,1170.740790,1661327489.027593,109500.000,16171,1,SF,1,100,116.1694
1171.073254,1171.073236,1661327489.360039,109822.000,16226,1,SF,1,100,116.9078
1171.338591,1171.338573,1661327489.625376,110079.000,16276,1,SF,1,100,117.6377
1171.668972,1171.668954,1661327489.955757,110399.000,16328,1,SF,1,100,118.3591
1172.000386,1172.000367,1661327490.287170,110720.000,16381,1,SF,1,100,119.0722
1172.404070,1172.404051,1661327490.690854,111111.000,16451,1,SF,1,100,117.6947
1172.733418,1172.733400,1661327491.020202,111430.000,16502,1,SF,1,100,118.4155
1173.002885,1173.002867,1661327491.289670,111691.000,16554,1,SF,1,100,119.1279
1173.335331,1173.335312,1661327491.622115,112013.000,16607,1,SF,1,100,119.8321
1173.669841,1173.669823,1661327491.956626,112337.000,16662,1,SF,1,100,120.5281
1174.070428,1174.070410,1661327492.357213,112725.000,16737,1,SF,1,100,121.2161
1174.402874,1174.402856,1661327492.689658,113047.000,16789,1,SF,1,100,119.8138
1174.669243,1174.669225,1661327492.956028,113305.000,16837,1,SF,1,100,118.4278
1174.999624,1174.999606,1661327493.286409,113625.000,16890,1,SF,1,100,119.1401
1175.332070,1175.332052,1661327493.618855,113947.000,16943,1,SF,1,100,117.7619
1175.663483,1175.663465,1661327493.950268,114268.000,16994,1,SF,1,100,118.4819
1175.995929,1175.995911,1661327494.282714,114590.000,17048,1,SF,1,100,121.2758
1176.327342,1176.327324,1661327494.614127,114911.000,17099,1,SF,1,100,119.8728
1176.657723,1176.657705,1661327494.944508,115231.000,17156,1,SF,1,100,120.5684
1176.990169,1176.990151,1661327495.276954,115553.000,17207,1,SF,1,100,121.2559
1177.387658,1177.387640,1661327495.674443,115938.000,17276,1,SF,1,100,119.8532
1177.718039,1177.718021,1661327496.004824,116258.000,17328,1,SF,1,100,120.5490
1178.054614,1178.054596,1661327496.341400,116584.000,17379,1,SF,1,100,119.1545
1178.318919,1178.318901,1661327496.605705,116840.000,17436,1,SF,1,100,119.8583
1178.654462,1178.654444,1661327496.941248,117165.000,17485,1,SF,1,100,118.4718
1178.986908,1178.986890,1661327497.273693,117487.000,17533,1,SF,1,100,117.1013
1179.321418,1179.321400,1661327497.608204,117811.000,17595,1,SF,1,100,117.8289
1179.652832,1179.652814,1661327497.939617,118132.000,17645,1,SF,1,100,118.5481
1179.989407,1179.989389,1661327498.276193,118458.000,17699,1,SF,1,100,117.1768
1180.452973,1180.452955,1661327498.739759,118907.000,17739,1,SF,1,100,117.9035
1180.719342,1180.719324,1661327499.006128,119165.000,17775,1,SF,1,100,118.6218
1181.050756,1181.050738,1661327499.337542,119486.000,17831,1,SF,1,100,119.3319
1181.317125,1181.317107,1661327499.603911,119744.000,17882,1,SF,1,100,117.9514
1181.646473,1181.646456,1661327499.933260,120063.000,17935,1,SF,1,100,118.6692
1181.978919,1181.978901,1661327500.265705,120385.000,17983,1,SF,1,100,117.2964
1182.309300,1182.309282,1661327500.596086,120705.000,18036,1,SF,1,100,118.0218
1182.642778,1182.642760,1661327500.929564,121028.000,18088,1,SF,1,100,118.7388
1183.041300,1183.041282,1661327501.328086,121414.000,18158,1,SF,1,100,117.3652
1183.311799,1183.311781,1661327501.598586,121676.000,18211,1,SF,1,100,118.0897
1183.643213,1183.643195,1661327501.929999,121997.000,18263,1,SF,1,100,118.8059
1183.978756,1183.978738,1661327502.265542,122322.000,18316,1,SF,1,100,121.5961
1184.310169,1184.310151,1661327502.596956,122643.000,18366,1,SF,1,100,120.1894
1184.711788,1184.711770,1661327502.998575,123032.000,18442,1,SF,1,100,120.8813
1185.044234,1185.044216,1661327503.331021,123354.000,18494,1,SF,1,100,119.4830
1185.311636,1185.311618,1661327503.598423,123613.000,18544,1,SF,1,100,120.1830
1185.640984,1185.640966,1661327503.927771,123932.000,18599,1,SF,1,100,122.9573
1185.974462,1185.974445,1661327504.261249,124255.000,18650,1,SF,1,100,121.5349
1186.303811,1186.303793,1661327504.590598,124574.000,18701,1,SF,1,100,120.1290
1186.702333,1186.702315,1661327504.989120,124960.000,18766,1,SF,1,100,118.7393
1187.034778,1187.034761,1661327505.321566,125282.000,18820,1,SF,1,100,117.3657
1187.299083,1187.299065,1661327505.585870,125538.000,18871,1,SF,1,100,118.0903
1187.630496,1187.630479,1661327505.917284,125859.000,18925,1,SF,1,100,118.8064
1187.966039,1187.966022,1661327506.252827,126184.000,18977,1,SF,1,100,119.5143
1188.363529,1188.363511,1661327506.650316,126569.000,19044,1,SF,1,100,118.1318
1188.695974,1188.695957,1661327506.982762,126891.000,19094,1,SF,1,100,118.8475
1188.961312,1188.961294,1661327507.248099,127148.000,19152,1,SF,1,100,119.5549
1189.296855,1189.296837,1661327507.583642,127473.000,19202,1,SF,1,100,120.2541
1189.629300,1189.629283,1661327507.916088,127795.000,19255,1,SF,1,100,120.9453
1189.962778,1189.962761,1661327508.249566,128118.000,19310,1,SF,1,100,119.5462
1190.364398,1190.364380,1661327508.651186,128507.000,19379,1,SF,1,100,120.2455
1190.695811,1190.695793,1661327508.982599,128828.000,19429,1,SF,1,100,118.8545
1190.963213,1190.963195,1661327509.250001,129087.000,19485,1,SF,1,100,121.6441
1191.296691,1191.296673,1661327509.583479,129410.000,19538,1,SF,1,100,122.3192
1191.625007,1191.624989,1661327509.911795,129728.000,19588,1,SF,1,100,122.9864
1192.023529,1192.023511,1661327510.310317,130114.000,19659,1,SF,1,100,121.5637
1192.357007,1192.356989,1661327510.643795,130437.000,19711,1,SF,1,100,122.2397
1192.623377,1192.623359,1661327510.910165,130695.000,19761,1,SF,1,100,122.9079
1192.952725,1192.952707,1661327511.239513,131014.000,19816,1,SF,1,100,125.6506
1193.290333,1193.290315,1661327511.577121,131341.000,19868,1,SF,1,100,126.2793
1193.619681,1193.619664,1661327511.906470,131660.000,19922,1,SF,1,100,126.9007
1194.022333,1194.022315,1661327512.309122,132050.000,19993,1,SF,1,100,127.5150
1194.289735,1194.289717,1661327512.576524,132309.000,20043,1,SF,1,100,126.0399
1194.623213,1194.623196,1661327512.910002,132632.000,20094,1,SF,1,100,126.6641
1194.957724,1194.957706,1661327513.244512,132956.000,20146,1,SF,1,100,129.3633
1195.290169,1195.290152,1661327513.576958,133278.000,20209,1,SF,1,100,127.8669
1195.691789,1195.691771,1661327513.978577,133667.000,20276,1,SF,1,100,128.4699
1195.957126,1195.957108,1661327514.243915,133924.000,20326,1,SF,1,100,129.0660
1196.290604,1196.290586,1661327514.577393,134247.000,20383,1,SF,1,100,131.7375
1196.623050,1196.623032,1661327514.909839,134569.000,20434,1,SF,1,100,130.2136
1196.954463,1196.954445,1661327515.241252,134890.000,20485,1,SF,1,100,130.7895
1197.284844,1197.284826,1661327515.571633,135210.000,20537,1,SF,1,100,129.2765
1197.683366,1197.683348,1661327515.970155,135596.000,20602,1,SF,1,100,127.7810
1197.952832,1197.952815,1661327516.239622,135857.000,20655,1,SF,1,100,128.3851
1198.283213,1198.283196,1661327516.570003,136177.000,20710,1,SF,1,100,126.8999
1198.619789,1198.619771,1661327516.906578,136503.000,20761,1,SF,1,100,127.5142
1198.951202,1198.951185,1661327517.237992,136824.000,20809,1,SF,1,100,126.0391
1199.285713,1199.285695,1661327517.572502,137148.000,20866,1,SF,1,100,126.6633
1199.683202,1199.683185,1661327517.969992,137533.000,20933,1,SF,1,100,127.2803
1200.015648,1200.015630,1661327518.302438,137855.000,20986,1,SF,1,100,125.8079
1200.350158,1200.350141,1661327518.636948,138179.000,21039,1,SF,1,100,126.4348
1200.683637,1200.683619,1661327518.970426,138502.000,21096,1,SF,1,100,127.0545
1200.950006,1200.949989,1661327519.236796,138760.000,21147,1,SF,1,100,125.5847
1201.284517,1201.284499,1661327519.571307,139084.000,21202,1,SF,1,100,126.2142
1201.615930,1201.615913,1661327519.902720,139405.000,21255,1,SF,1,100,128.9186
1202.017549,1202.017532,1661327520.304339,139794.000,21328,1,SF,1,100,129.5096
1202.352060,1202.352042,1661327520.638850,140118.000,21376,1,SF,1,100,128.0114
1202.680376,1202.680358,1661327520.967166,140436.000,21425,1,SF,1,100,126.5305
1202.950875,1202.950858,1661327521.237665,140698.000,21478,1,SF,1,100,125.0668
1203.283321,1203.283303,1661327521.570111,141020.000,21529,1,SF,1,100,123.6200
1203.618864,1203.618846,1661327521.905654,141345.000,21579,1,SF,1,100,124.2722
1204.015321,1204.015303,1661327522.302111,141729.000,21647,1,SF,1,100,122.8347
1204.284788,1204.284770,1661327522.571578,141990.000,21683,1,SF,1,100,121.4137
1204.681245,1204.681227,1661327522.968035,142374.000,21748,1,SF,1,100,120.0092
1205.018853,1205.018835,1661327523.305643,142701.000,21801,1,SF,1,100,118.6209
1205.286254,1205.286237,1661327523.573045,142960.000,21851,1,SF,1,100,119.3309
1205.618700,1205.618683,1661327523.905491,143282.000,21900,1,SF,1,100,117.9505
1206.018255,1206.018237,1661327524.305045,143669.000,21962,1,SF,1,100,118.6683
1206.284624,1206.284607,1661327524.571415,143927.000,22015,1,SF,1,100,119.3778
