LslMarkerSourceTimestamp,LslLocalTimestamp,LocalTimestamp,EmotiBitTimestamp,PacketNumber,DataLength,TypeTag,ProtocolVersion,DataReliability,TH
1095.340676,1095.340655,1661327413.627445,36469.000,3793,1,TH,1,100,33.901
1095.473860,1095.473840,1661327413.760630,36598.000,3813,1,TH,1,100,33.948
1095.607045,1095.607025,1661327413.893815,36727.000,3829,1,TH,1,100,33.948
1095.737133,1095.737112,1661327414.023902,36853.000,3861,1,TH,1,100,33.908
1095.870317,1095.870297,1661327414.157087,36982.000,3880,1,TH,1,100,33.915
1096.003502,1096.003482,1661327414.290272,37111.000,3896,1,TH,1,100,33.972
1096.135654,1096.135634,1661327414.422424,37239.000,3914,1,TH,1,100,33.972
1096.268839,1096.268819,1661327414.555609,37368.000,3947,1,TH,1,100,33.958
1096.400992,1096.400971,1661327414.687761,37496.000,3963,1,TH,1,100,33.958
1096.533144,1096.533124,1661327414.819914,37624.000,3981,1,TH,1,100,33.972
1096.666329,1096.666308,1661327414.953099,37753.000,3999,1,TH,1,100,33.972
1096.799513,1096.799493,1661327415.086283,37882.000,4031,1,TH,1,100,33.943
1096.930633,1096.930613,1661327415.217403,38009.000,4053,1,TH,1,100,33.950
1097.063818,1097.063798,1661327415.350588,38138.000,4069,1,TH,1,100,34.026
1097.197003,1097.196983,1661327415.483773,38267.000,4103,1,TH,1,100,34.026
1097.329155,1097.329135,1661327415.615925,38395.000,4122,1,TH,1,100,33.950
1097.462340,1097.462320,1661327415.749110,38524.000,4139,1,TH,1,100,33.950
1097.594492,1097.594472,1661327415.881262,38652.000,4158,1,TH,1,100,33.910
1097.726645,1097.726624,1661327416.013415,38780.000,4192,1,TH,1,100,33.917
1097.860862,1097.860842,1661327416.147632,38910.000,4208,1,TH,1,100,34.007
1097.996111,1097.996091,1661327416.282881,39041.000,4227,1,TH,1,100,34.007
1098.129296,1098.129276,1661327416.416066,39170.000,4261,1,TH,1,100,33.981
1098.261449,1098.261428,1661327416.548219,39298.000,4277,1,TH,1,100,33.981
1098.393601,1098.393581,1661327416.680371,39426.000,4294,1,TH,1,100,33.972
1098.529883,1098.529863,1661327416.816653,39558.000,4316,1,TH,1,100,33.979
1098.664100,1098.664080,1661327416.950871,39688.000,4347,1,TH,1,100,33.989
1098.796253,1098.796232,1661327417.083023,39816.000,4367,1,TH,1,100,33.989
1098.927372,1098.927352,1661327417.214143,39943.000,4383,1,TH,1,100,34.024
1099.060557,1099.060537,1661327417.347327,40072.000,4400,1,TH,1,100,34.024
1099.196839,1099.196819,1661327417.483610,40204.000,4434,1,TH,1,100,34.038
1099.330024,1099.330004,1661327417.616794,40333.000,4450,1,TH,1,100,34.038
1099.463209,1099.463189,1661327417.749979,40462.000,4470,1,TH,1,100,33.967
1099.595361,1099.595341,1661327417.882132,40590.000,4486,1,TH,1,100,33.974
1099.728546,1099.728526,1661327418.015316,40719.000,4520,1,TH,1,100,33.979
1099.864828,1099.864808,1661327418.151598,40851.000,4537,1,TH,1,100,33.979
1099.996980,1099.996960,1661327418.283751,40979.000,4561,1,TH,1,100,34.022
1100.130165,1100.130145,1661327418.416936,41108.000,4579,1,TH,1,100,34.022
1100.262317,1100.262297,1661327418.549088,41236.000,4612,1,TH,1,100,34.048
1100.395502,1100.395482,1661327418.682273,41365.000,4631,1,TH,1,100,34.048
1100.528687,1100.528667,1661327418.815458,41494.000,4648,1,TH,1,100,34.029
1100.661872,1100.661852,1661327418.948642,41623.000,4664,1,TH,1,100,34.036
1100.795057,1100.795037,1661327419.081827,41752.000,4696,1,TH,1,100,34.046
1100.927209,1100.927189,1661327419.213979,41880.000,4715,1,TH,1,100,34.046
1101.059361,1101.059341,1661327419.346132,42008.000,4731,1,TH,1,100,34.067
1101.192546,1101.192526,1661327419.479317,42137.000,4753,1,TH,1,100,34.067
1101.325731,1101.325711,1661327419.612502,42266.000,4784,1,TH,1,100,34.086
1101.457883,1101.457863,1661327419.744654,42394.000,4801,1,TH,1,100,34.086
1101.590035,1101.590015,1661327419.876806,42522.000,4821,1,TH,1,100,34.050
1101.723220,1101.723200,1661327420.009991,42651.000,4853,1,TH,1,100,34.057
1101.855373,1101.855353,1661327420.142143,42779.000,4871,1,TH,1,100,34.020
1101.988557,1101.988537,1661327420.275328,42908.000,4888,1,TH,1,100,34.020
1102.121742,1102.121722,1661327420.408513,43037.000,4905,1,TH,1,100,33.993
1102.252862,1102.252842,1661327420.539633,43164.000,4938,1,TH,1,100,33.993
1102.386047,1102.386027,1661327420.672818,43293.000,4958,1,TH,1,100,34.024
1102.519232,1102.519212,1661327420.806003,43422.000,4974,1,TH,1,100,34.024
1102.651384,1102.651364,1661327420.938155,43550.000,4991,1,TH,1,100,34.008
1102.783536,1102.783516,1661327421.070307,43678.000,5023,1,TH,1,100,34.015
1102.916721,1102.916701,1661327421.203492,43807.000,5039,1,TH,1,100,34.095
1103.048873,1103.048853,1661327421.335644,43935.000,5061,1,TH,1,100,34.095
1103.182058,1103.182038,1661327421.468829,44064.000,5080,1,TH,1,100,34.119
1103.314210,1103.314190,1661327421.600981,44192.000,5111,1,TH,1,100,34.119
1103.445330,1103.445310,1661327421.732101,44319.000,5131,1,TH,1,100,34.079
1103.578515,1103.578495,1661327421.865286,44448.000,5147,1,TH,1,100,34.079
1103.713765,1103.713745,1661327422.000536,44579.000,5180,1,TH,1,100,34.072
1103.847982,1103.847962,1661327422.134753,44709.000,5197,1,TH,1,100,34.079
1103.982199,1103.982179,1661327422.268970,44839.000,5213,1,TH,1,100,34.027
1104.113319,1104.113299,1661327422.400090,44966.000,5233,1,TH,1,100,34.027
1104.245471,1104.245451,1661327422.532243,45094.000,5266,1,TH,1,100,34.133
1104.380721,1104.380701,1661327422.667492,45225.000,5282,1,TH,1,100,34.133
1104.513906,1104.513886,1661327422.800677,45354.000,5300,1,TH,1,100,34.171
1104.647091,1104.647071,1661327422.933862,45483.000,5336,1,TH,1,100,34.171
1104.780275,1104.780255,1661327423.067047,45612.000,5355,1,TH,1,100,34.050
1104.913460,1104.913440,1661327423.200232,45741.000,5372,1,TH,1,100,34.050
1105.049742,1105.049722,1661327423.336514,45873.000,5388,1,TH,1,100,34.103
1105.182927,1105.182907,1661327423.469698,46002.000,5422,1,TH,1,100,34.103
1105.315079,1105.315059,1661327423.601851,46130.000,5444,1,TH,1,100,34.006
1105.448264,1105.448244,1661327423.735036,46259.000,5463,1,TH,1,100,34.013
1105.581449,1105.581429,1661327423.868220,46388.000,5494,1,TH,1,100,34.159
1105.715666,1105.715646,1661327424.002438,46518.000,5512,1,TH,1,100,34.159
1105.848851,1105.848831,1661327424.135623,46647.000,5528,1,TH,1,100,34.107
1105.981003,1105.980983,1661327424.267775,46775.000,5545,1,TH,1,100,34.107
1106.113156,1106.113136,1661327424.399927,46903.000,5584,1,TH,1,100,34.112
1106.246340,1106.246320,1661327424.533112,47032.000,5600,1,TH,1,100,34.112
1106.378493,1106.378473,1661327424.665264,47160.000,5617,1,TH,1,100,34.043
1106.511677,1106.511658,1661327424.798449,47289.000,5634,1,TH,1,100,34.051
1106.644862,1106.644842,1661327424.931634,47418.000,5665,1,TH,1,100,34.091
1106.775982,1106.775962,1661327425.062754,47545.000,5683,1,TH,1,100,34.091
1106.909167,1106.909147,1661327425.195939,47674.000,5699,1,TH,1,100,34.136
1107.042352,1107.042332,1661327425.329123,47803.000,5731,1,TH,1,100,34.136
1107.174504,1107.174484,1661327425.461276,47931.000,5750,1,TH,1,100,34.065
1107.307689,1107.307669,1661327425.594461,48060.000,5766,1,TH,1,100,34.065
1107.438809,1107.438789,1661327425.725580,48187.000,5784,1,TH,1,100,34.131
1107.570961,1107.570941,1661327425.857733,48315.000,5817,1,TH,1,100,34.138
1107.704146,1107.704126,1661327425.990918,48444.000,5834,1,TH,1,100,34.119
1107.837331,1107.837311,1661327426.124103,48573.000,5851,1,TH,1,100,34.119
1107.968450,1107.968431,1661327426.255222,48700.000,5867,1,TH,1,100,34.181
1108.101635,1108.101615,1661327426.388407,48829.000,5901,1,TH,1,100,34.181
1108.234820,1108.234800,1661327426.521592,48958.000,5918,1,TH,1,100,34.124
1108.366972,1108.366952,1661327426.653744,49086.000,5934,1,TH,1,100,34.124
1108.500157,1108.500137,1661327426.786929,49215.000,5957,1,TH,1,100,34.079
1108.632309,1108.632290,1661327426.919081,49343.000,5992,1,TH,1,100,34.079
1108.764462,1108.764442,1661327427.051234,49471.000,6009,1,TH,1,100,34.174
1108.899711,1108.899692,1661327427.186484,49602.000,6026,1,TH,1,100,34.174
1109.033929,1109.033909,1661327427.320701,49732.000,6044,1,TH,1,100,34.190
1109.167113,1109.167094,1661327427.453886,49861.000,6081,1,TH,1,100,34.198
1109.300298,1109.300278,1661327427.587070,49990.000,6100,1,TH,1,100,34.141
1109.431418,1109.431398,1661327427.718190,50117.000,6117,1,TH,1,100,34.141
1109.566668,1109.566648,1661327427.853440,50248.000,6134,1,TH,1,100,34.117
1109.700885,1109.700865,1661327427.987657,50378.000,6166,1,TH,1,100,34.117
1109.833037,1109.833017,1661327428.119810,50506.000,6182,1,TH,1,100,34.188
1109.966222,1109.966202,1661327428.252994,50635.000,6201,1,TH,1,100,34.188
1110.098374,1110.098355,1661327428.385147,50763.000,6237,1,TH,1,100,34.181
1110.233624,1110.233604,1661327428.520396,50894.000,6253,1,TH,1,100,34.181
1110.366809,1110.366789,1661327428.653581,51023.000,6270,1,TH,1,100,34.067
1110.499994,1110.499974,1661327428.786766,51152.000,6287,1,TH,1,100,34.067
1110.633178,1110.633159,1661327428.919951,51281.000,6309,1,TH,1,100,34.070
1110.766363,1110.766343,1661327429.053136,51410.000,6346,1,TH,1,100,34.077
1110.901613,1110.901593,1661327429.188385,51541.000,6364,1,TH,1,100,34.141
1111.033765,1111.033745,1661327429.320538,51669.000,6381,1,TH,1,100,34.141
1111.166950,1111.166930,1661327429.453722,51798.000,6400,1,TH,1,100,34.089
1111.299102,1111.299082,1661327429.585875,51926.000,6431,1,TH,1,100,34.089
1111.432287,1111.432267,1661327429.719060,52055.000,6449,1,TH,1,100,34.195
1111.565472,1111.565452,1661327429.852244,52184.000,6467,1,TH,1,100,34.195
1111.697624,1111.697604,1661327429.984397,52312.000,6499,1,TH,1,100,34.143
1111.830809,1111.830789,1661327430.117582,52441.000,6518,1,TH,1,100,34.150
1111.962961,1111.962941,1661327430.249734,52569.000,6534,1,TH,1,100,34.165
1112.095114,1112.095094,1661327430.381886,52697.000,6552,1,TH,1,100,34.165
1112.228298,1112.228279,1661327430.515071,52826.000,6588,1,TH,1,100,34.129
1112.361483,1112.361463,1661327430.648256,52955.000,6604,1,TH,1,100,34.129
1112.493635,1112.493616,1661327430.780408,53083.000,6622,1,TH,1,100,34.101
1112.625788,1112.625768,1661327430.912561,53211.000,6638,1,TH,1,100,34.101
1112.758972,1112.758953,1661327431.045745,53340.000,6672,1,TH,1,100,34.160
1112.891125,1112.891105,1661327431.177898,53468.000,6689,1,TH,1,100,34.160
1113.024310,1113.024290,1661327431.311083,53597.000,6705,1,TH,1,100,34.184
1113.157494,1113.157475,1661327431.444267,53726.000,6741,1,TH,1,100,34.184
1113.288614,1113.288595,1661327431.575387,53853.000,6758,1,TH,1,100,34.117
1113.421799,1113.421779,1661327431.708572,53982.000,6775,1,TH,1,100,34.117
1113.554984,1113.554964,1661327431.841757,54111.000,6792,1,TH,1,100,34.122
1113.687136,1113.687116,1661327431.973909,54239.000,6829,1,TH,1,100,34.129
1113.821353,1113.821334,1661327432.108126,54369.000,6847,1,TH,1,100,34.231
1113.955571,1113.955551,1661327432.242344,54499.000,6864,1,TH,1,100,34.231
1114.085658,1114.085638,1661327432.372431,54625.000,6881,1,TH,1,100,34.160
1114.219875,1114.219856,1661327432.506649,54755.000,6914,1,TH,1,100,34.160
1114.352028,1114.352008,1661327432.638801,54883.000,6934,1,TH,1,100,34.236
1114.485212,1114.485193,1661327432.771986,55012.000,6950,1,TH,1,100,34.236
1114.617365,1114.617345,1661327432.904138,55140.000,6971,1,TH,1,100,34.174
1114.752614,1114.752595,1661327433.039388,55271.000,7003,1,TH,1,100,34.174
1114.886832,1114.886812,1661327433.173605,55401.000,7019,1,TH,1,100,34.151
1115.020016,1115.019997,1661327433.306790,55530.000,7036,1,TH,1,100,34.158
1115.152169,1115.152149,1661327433.438942,55658.000,7072,1,TH,1,100,34.099
1115.284321,1115.284301,1661327433.571094,55786.000,7091,1,TH,1,100,34.099
1115.420603,1115.420583,1661327433.707376,55918.000,7109,1,TH,1,100,34.252
1115.552755,1115.552736,1661327433.839529,56046.000,7127,1,TH,1,100,34.252
1115.685940,1115.685921,1661327433.972714,56175.000,7161,1,TH,1,100,34.160
1115.819125,1115.819105,1661327434.105898,56304.000,7183,1,TH,1,100,34.160
1115.951277,1115.951258,1661327434.238051,56432.000,7199,1,TH,1,100,34.141
1116.086527,1116.086507,1661327434.373301,56563.000,7217,1,TH,1,100,34.141
1116.219712,1116.219692,1661327434.506485,56692.000,7237,1,TH,1,100,34.160
1116.351864,1116.351844,1661327434.638638,56820.000,7271,1,TH,1,100,34.167
1116.485049,1116.485029,1661327434.771822,56949.000,7288,1,TH,1,100,34.210
1116.620298,1116.620279,1661327434.907072,57080.000,7306,1,TH,1,100,34.210
1116.754516,1116.754496,1661327435.041289,57210.000,7324,1,TH,1,100,34.174
1116.887700,1116.887681,1661327435.174474,57339.000,7358,1,TH,1,100,34.174
1117.019853,1117.019833,1661327435.306627,57467.000,7376,1,TH,1,100,34.217
1117.152005,1117.151986,1661327435.438779,57595.000,7396,1,TH,1,100,34.217
1117.286222,1117.286203,1661327435.572996,57725.000,7412,1,TH,1,100,34.203
1117.418375,1117.418355,1661327435.705148,57853.000,7444,1,TH,1,100,34.203
1117.551559,1117.551540,1661327435.838333,57982.000,7461,1,TH,1,100,34.212
1117.684744,1117.684725,1661327435.971518,58111.000,7479,1,TH,1,100,34.212
1117.815864,1117.815845,1661327436.102638,58238.000,7513,1,TH,1,100,34.172
1117.949049,1117.949029,1661327436.235823,58367.000,7530,1,TH,1,100,34.172
1118.082234,1118.082214,1661327436.369008,58496.000,7547,1,TH,1,100,34.177
1118.214386,1118.214366,1661327436.501160,58624.000,7566,1,TH,1,100,34.184
1118.347571,1118.347551,1661327436.634345,58753.000,7603,1,TH,1,100,34.269
1118.479723,1118.479704,1661327436.766497,58881.000,7619,1,TH,1,100,34.269
1118.610843,1118.610823,1661327436.897617,59008.000,7636,1,TH,1,100,34.278
1118.744028,1118.744008,1661327437.030802,59137.000,7653,1,TH,1,100,34.278
1118.879277,1118.879258,1661327437.166052,59268.000,7686,1,TH,1,100,34.224
1119.013495,1119.013475,1661327437.300269,59398.000,7703,1,TH,1,100,34.224
1119.146679,1119.146660,1661327437.433454,59527.000,7722,1,TH,1,100,34.226
1119.277799,1119.277780,1661327437.564574,59654.000,7757,1,TH,1,100,34.226
1119.409952,1119.409932,1661327437.696726,59782.000,7775,1,TH,1,100,34.241
1119.546234,1119.546214,1661327437.833008,59914.000,7791,1,TH,1,100,34.241
1119.679418,1119.679399,1661327437.966193,60043.000,7808,1,TH,1,100,34.250
1119.812603,1119.812584,1661327438.099378,60172.000,7842,1,TH,1,100,34.257
1119.947853,1119.947833,1661327438.234627,60303.000,7858,1,TH,1,100,34.314
1120.082070,1120.082051,1661327438.368845,60433.000,7879,1,TH,1,100,34.314
1120.215255,1120.215235,1661327438.502029,60562.000,7897,1,TH,1,100,34.193
1120.348440,1120.348420,1661327438.635214,60691.000,7931,1,TH,1,100,34.194
1120.479560,1120.479540,1661327438.766334,60818.000,7948,1,TH,1,100,34.309
1120.616874,1120.616855,1661327438.903649,60951.000,7964,1,TH,1,100,34.309
1120.750059,1120.750039,1661327439.036833,61080.000,7996,1,TH,1,100,34.220
1120.882211,1120.882192,1661327439.168986,61208.000,8013,1,TH,1,100,34.220
1121.015396,1121.015376,1661327439.302171,61337.000,8029,1,TH,1,100,34.262
1121.147548,1121.147529,1661327439.434323,61465.000,8054,1,TH,1,100,34.262
1121.282798,1121.282778,1661327439.569572,61596.000,8070,1,TH,1,100,34.323
1121.415983,1121.415963,1661327439.702757,61725.000,8088,1,TH,1,100,34.331
1121.549168,1121.549148,1661327439.835942,61854.000,8122,1,TH,1,100,34.210
1121.681320,1121.681300,1661327439.968095,61982.000,8138,1,TH,1,100,34.210
1121.815537,1121.815518,1661327440.102312,62112.000,8156,1,TH,1,100,34.295
1121.949754,1121.949735,1661327440.236529,62242.000,8172,1,TH,1,100,34.295
1122.081907,1122.081887,1661327440.368681,62370.000,8208,1,TH,1,100,34.300
1122.215091,1122.215072,1661327440.501866,62499.000,8225,1,TH,1,100,34.300
1122.345179,1122.345159,1661327440.631954,62625.000,8243,1,TH,1,100,34.234
1122.478364,1122.478344,1661327440.765138,62754.000,8277,1,TH,1,100,34.234
1122.611548,1122.611529,1661327440.898323,62883.000,8294,1,TH,1,100,34.342
1122.743701,1122.743681,1661327441.030476,63011.000,8311,1,TH,1,100,34.342
1122.876885,1122.876866,1661327441.163660,63140.000,8328,1,TH,1,100,34.281
1123.009038,1123.009018,1661327441.295813,63268.000,8365,1,TH,1,100,34.281
1123.141190,1123.141171,1661327441.427965,63396.000,8383,1,TH,1,100,34.305
1123.274375,1123.274355,1661327441.561150,63525.000,8400,1,TH,1,100,34.305
1123.407560,1123.407540,1661327441.694335,63654.000,8419,1,TH,1,100,34.272
1123.541777,1123.541757,1661327441.828552,63784.000,8452,1,TH,1,100,34.279
1123.674962,1123.674942,1661327441.961737,63913.000,8469,1,TH,1,100,34.300
1123.806082,1123.806062,1661327442.092857,64040.000,8486,1,TH,1,100,34.300
1123.939266,1123.939247,1661327442.226041,64169.000,8517,1,TH,1,100,34.269
1124.074516,1124.074497,1661327442.361291,64300.000,8539,1,TH,1,100,34.269
1124.209766,1124.209746,1661327442.496541,64431.000,8555,1,TH,1,100,34.295
1124.341918,1124.341899,1661327442.628693,64559.000,8572,1,TH,1,100,34.295
1124.473038,1124.473018,1661327442.759813,64686.000,8609,1,TH,1,100,34.354
1124.606223,1124.606203,1661327442.892998,64815.000,8625,1,TH,1,100,34.354
1124.742505,1124.742485,1661327443.029280,64947.000,8643,1,TH,1,100,34.288
1124.876722,1124.876703,1661327443.163497,65077.000,8659,1,TH,1,100,34.288
1125.009907,1125.009887,1661327443.296682,65206.000,8691,1,TH,1,100,34.210
1125.139994,1125.139975,1661327443.426769,65332.000,8710,1,TH,1,100,34.217
1125.274211,1125.274192,1661327443.560987,65462.000,8726,1,TH,1,100,34.267
1125.406364,1125.406344,1661327443.693139,65590.000,8758,1,TH,1,100,34.267
1125.539549,1125.539529,1661327443.826324,65719.000,8775,1,TH,1,100,34.305
1125.670668,1125.670649,1661327443.957444,65846.000,8791,1,TH,1,100,34.305
1125.806951,1125.806931,1661327444.093726,65978.000,8811,1,TH,1,100,34.236
1125.940135,1125.940116,1661327444.226911,66107.000,8842,1,TH,1,100,34.236
1126.073320,1126.073301,1661327444.360096,66236.000,8862,1,TH,1,100,34.331
1126.205472,1126.205453,1661327444.492248,66364.000,8885,1,TH,1,100,34.331
1126.338657,1126.338638,1661327444.625433,66493.000,8901,1,TH,1,100,34.314
1126.474939,1126.474920,1661327444.761715,66625.000,8938,1,TH,1,100,34.314
1126.607092,1126.607072,1661327444.893867,66753.000,8955,1,TH,1,100,34.369
1126.740276,1126.740257,1661327445.027052,66882.000,8972,1,TH,1,100,34.369
1126.872429,1126.872409,1661327445.159204,67010.000,9003,1,TH,1,100,34.317
1127.006646,1127.006627,1661327445.293422,67140.000,9023,1,TH,1,100,34.317
1127.140863,1127.140844,1661327445.427639,67270.000,9041,1,TH,1,100,34.303
1127.275080,1127.275061,1661327445.561856,67400.000,9060,1,TH,1,100,34.310
1127.407233,1127.407213,1661327445.694008,67528.000,9092,1,TH,1,100,34.362
1127.539385,1127.539366,1661327445.826161,67656.000,9108,1,TH,1,100,34.362
1127.674635,1127.674615,1661327445.961411,67787.000,9128,1,TH,1,100,34.262
1127.807819,1127.807800,1661327446.094595,67916.000,9160,1,TH,1,100,34.262
1127.941004,1127.940985,1661327446.227780,68045.000,9176,1,TH,1,100,34.307
1128.073157,1128.073137,1661327446.359932,68173.000,9194,1,TH,1,100,34.307
1128.205309,1128.205290,1661327446.492085,68301.000,9212,1,TH,1,100,34.322
1128.338494,1128.338474,1661327446.625270,68430.000,9246,1,TH,1,100,34.322
1128.469614,1128.469594,1661327446.756389,68557.000,9265,1,TH,1,100,34.373
1128.603831,1128.603811,1661327446.890607,68687.000,9281,1,TH,1,100,34.373
1128.740113,1128.740094,1661327447.026889,68819.000,9299,1,TH,1,100,34.326
1128.872265,1128.872246,1661327447.159041,68947.000,9334,1,TH,1,100,34.326
1129.003385,1129.003366,1661327447.290161,69074.000,9350,1,TH,1,100,34.395
1129.136570,1129.136551,1661327447.423346,69203.000,9373,1,TH,1,100,34.395
1129.270787,1129.270768,1661327447.557563,69333.000,9389,1,TH,1,100,34.310
1129.406037,1129.406017,1661327447.692813,69464.000,9421,1,TH,1,100,34.317
1129.539221,1129.539202,1661327447.825998,69593.000,9438,1,TH,1,100,34.286
1129.669309,1129.669290,1661327447.956085,69719.000,9454,1,TH,1,100,34.286
1129.802494,1129.802474,1661327448.089270,69848.000,9486,1,TH,1,100,34.282
1129.938776,1129.938757,1661327448.225552,69980.000,9505,1,TH,1,100,34.282
1130.072993,1130.072974,1661327448.359769,70110.000,9522,1,TH,1,100,34.336
1130.205145,1130.205126,1661327448.491922,70238.000,9543,1,TH,1,100,34.336
1130.337298,1130.337278,1661327448.624074,70366.000,9575,1,TH,1,100,34.267
1130.470482,1130.470463,1661327448.757259,70495.000,9593,1,TH,1,100,34.267
1130.607797,1130.607778,1661327448.894573,70628.000,9612,1,TH,1,100,34.322
1130.739949,1130.739930,1661327449.026726,70756.000,9647,1,TH,1,100,34.322
1130.872102,1130.872082,1661327449.158878,70884.000,9663,1,TH,1,100,34.296
1131.007351,1131.007332,1661327449.294128,71015.000,9680,1,TH,1,100,34.296
1131.140536,1131.140517,1661327449.427313,71144.000,9699,1,TH,1,100,34.402
1131.273721,1131.273702,1661327449.560497,71273.000,9730,1,TH,1,100,34.409
1131.406906,1131.406886,1661327449.693682,71402.000,9748,1,TH,1,100,34.331
1131.540090,1131.540071,1661327449.826867,71531.000,9766,1,TH,1,100,34.331
1131.676372,1131.676353,1661327449.963149,71663.000,9783,1,TH,1,100,34.331
1131.809557,1131.809538,1661327450.096334,71792.000,9804,1,TH,1,100,34.331
1131.941710,1131.941690,1661327450.228486,71920.000,9822,1,TH,1,100,34.355
1132.074894,1132.074875,1661327450.361671,72049.000,9856,1,TH,1,100,34.355
1132.208079,1132.208060,1661327450.494856,72178.000,9876,1,TH,1,100,34.352
1132.342296,1132.342277,1661327450.629073,72308.000,9892,1,TH,1,100,34.352
1132.475481,1132.475462,1661327450.762258,72437.000,9914,1,TH,1,100,34.326
1132.608666,1132.608647,1661327450.895443,72566.000,9947,1,TH,1,100,34.327
1132.739786,1132.739767,1661327451.026562,72693.000,9964,1,TH,1,100,34.289
1132.875035,1132.875016,1661327451.161812,72824.000,9981,1,TH,1,100,34.289
1133.009253,1133.009233,1661327451.296030,72954.000,9997,1,TH,1,100,34.376
1133.141405,1133.141386,1661327451.428182,73082.000,10031,1,TH,1,100,34.383
1133.274590,1133.274571,1661327451.561367,73211.000,10050,1,TH,1,100,34.341
1133.406742,1133.406723,1661327451.693519,73339.000,10067,1,TH,1,100,34.341
1133.538894,1133.538875,1661327451.825671,73467.000,10086,1,TH,1,100,34.379
1133.671047,1133.671028,1661327451.957824,73595.000,10120,1,TH,1,100,34.379
1133.804232,1133.804212,1661327452.091008,73724.000,10139,1,TH,1,100,34.362
1133.940514,1133.940494,1661327452.227291,73856.000,10156,1,TH,1,100,34.362
1134.073698,1134.073679,1661327452.360476,73985.000,10173,1,TH,1,100,34.426
1134.204818,1134.204799,1661327452.491595,74112.000,10208,1,TH,1,100,34.426
1134.336971,1134.336951,1661327452.623748,74240.000,10225,1,TH,1,100,34.341
1134.471188,1134.471169,1661327452.757965,74370.000,10244,1,TH,1,100,34.341
1134.606438,1134.606418,1661327452.893215,74501.000,10275,1,TH,1,100,34.341
1134.739622,1134.739603,1661327453.026399,74630.000,10293,1,TH,1,100,34.341
1134.871775,1134.871755,1661327453.158552,74758.000,10309,1,TH,1,100,34.376
1135.003927,1135.003908,1661327453.290704,74886.000,10326,1,TH,1,100,34.376
1135.140209,1135.140190,1661327453.426986,75018.000,10360,1,TH,1,100,34.362
1135.274426,1135.274407,1661327453.561203,75148.000,10379,1,TH,1,100,34.362
1135.406579,1135.406559,1661327453.693356,75276.000,10397,1,TH,1,100,34.310
1135.537698,1135.537679,1661327453.824476,75403.000,10432,1,TH,1,100,34.317
1135.670883,1135.670864,1661327453.957661,75532.000,10449,1,TH,1,100,34.343
1135.807165,1135.807146,1661327454.093943,75664.000,10466,1,TH,1,100,34.343
1135.940350,1135.940331,1661327454.227128,75793.000,10484,1,TH,1,100,34.362
1136.072502,1136.072483,1661327454.359280,75921.000,10518,1,TH,1,100,34.362
1136.205687,1136.205668,1661327454.492465,76050.000,10535,1,TH,1,100,34.433
1136.339904,1136.339885,1661327454.626682,76180.000,10551,1,TH,1,100,34.433
1136.472057,1136.472038,1661327454.758834,76308.000,10569,1,TH,1,100,34.393
1136.605242,1136.605222,1661327454.892019,76437.000,10600,1,TH,1,100,34.393
1136.737394,1136.737375,1661327455.024171,76565.000,10621,1,TH,1,100,34.346
1136.872644,1136.872624,1661327455.159421,76696.000,10641,1,TH,1,100,34.346
1137.005828,1137.005809,1661327455.292606,76825.000,10682,1,TH,1,100,34.402
1137.139013,1137.138994,1661327455.425791,76954.000,10700,1,TH,1,100,34.402
1137.272198,1137.272179,1661327455.558975,77083.000,10717,1,TH,1,100,34.353
1137.405383,1137.405364,1661327455.692160,77212.000,10734,1,TH,1,100,34.360
1137.540632,1137.540613,1661327455.827410,77343.000,10767,1,TH,1,100,34.376
1137.672785,1137.672766,1661327455.959562,77471.000,10784,1,TH,1,100,34.376
1137.805969,1137.805950,1661327456.092747,77600.000,10801,1,TH,1,100,34.421
1137.938122,1137.938103,1661327456.224900,77728.000,10834,1,TH,1,100,34.421
1138.073371,1138.073352,1661327456.360149,77859.000,10854,1,TH,1,100,34.362
1138.207589,1138.207570,1661327456.494366,77989.000,10870,1,TH,1,100,34.362
1138.340773,1138.340754,1661327456.627551,78118.000,10892,1,TH,1,100,34.343
1138.472926,1138.472907,1661327456.759704,78246.000,10926,1,TH,1,100,34.343
1138.606110,1138.606091,1661327456.892888,78375.000,10942,1,TH,1,100,34.395
1138.739295,1138.739276,1661327457.026073,78504.000,10960,1,TH,1,100,34.395
1138.870415,1138.870396,1661327457.157193,78631.000,10976,1,TH,1,100,34.358
1139.003600,1139.003581,1661327457.290378,78760.000,11008,1,TH,1,100,34.358
1139.139882,1139.139863,1661327457.426660,78892.000,11029,1,TH,1,100,34.424
1139.273067,1139.273048,1661327457.559845,79021.000,11045,1,TH,1,100,34.424
1139.405219,1139.405200,1661327457.691997,79149.000,11065,1,TH,1,100,34.381
1139.536339,1139.536320,1661327457.823117,79276.000,11081,1,TH,1,100,34.388
1139.671589,1139.671570,1661327457.958367,79407.000,11098,1,TH,1,100,34.346
1139.807871,1139.807852,1661327458.094649,79539.000,11132,1,TH,1,100,34.346
1139.940023,1139.940004,1661327458.226801,79667.000,11151,1,TH,1,100,34.355
1140.071143,1140.071124,1661327458.357921,79794.000,11169,1,TH,1,100,34.355
1140.204328,1140.204309,1661327458.491106,79923.000,11206,1,TH,1,100,34.405
1140.339577,1140.339558,1661327458.626356,80054.000,11222,1,TH,1,100,34.405
1140.473795,1140.473776,1661327458.760573,80184.000,11240,1,TH,1,100,34.384
1140.606979,1140.606960,1661327458.893758,80313.000,11256,1,TH,1,100,34.384
1140.737067,1140.737048,1661327459.023845,80439.000,11290,1,TH,1,100,34.400
1140.870252,1140.870233,1661327459.157030,80568.000,11307,1,TH,1,100,34.400
1141.006534,1141.006515,1661327459.293312,80700.000,11323,1,TH,1,100,34.469
1141.139718,1141.139699,1661327459.426497,80829.000,11361,1,TH,1,100,34.469
1141.271871,1141.271852,1661327459.558649,80957.000,11380,1,TH,1,100,34.454
1141.404023,1141.404004,1661327459.690802,81085.000,11397,1,TH,1,100,34.462
1141.538240,1141.538221,1661327459.825019,81215.000,11414,1,TH,1,100,34.452
1141.673490,1141.673471,1661327459.960268,81346.000,11451,1,TH,1,100,34.452
1141.805642,1141.805623,1661327460.092421,81474.000,11467,1,TH,1,100,34.514
1141.937795,1141.937776,1661327460.224573,81602.000,11486,1,TH,1,100,34.513
1142.074077,1142.074058,1661327460.360855,81734.000,11503,1,TH,1,100,34.419
1142.206229,1142.206210,1661327460.493008,81862.000,11540,1,TH,1,100,34.419
1142.339414,1142.339395,1661327460.626193,81991.000,11561,1,TH,1,100,34.485
1142.472599,1142.472580,1661327460.759377,82120.000,11576,1,TH,1,100,34.485
1142.604751,1142.604732,1661327460.891530,82248.000,11593,1,TH,1,100,34.400
1142.740001,1142.739982,1661327461.026779,82379.000,11610,1,TH,1,100,34.400
1142.873185,1142.873166,1661327461.159964,82508.000,11627,1,TH,1,100,34.455
1143.005338,1143.005319,1661327461.292116,82636.000,11662,1,TH,1,100,34.455
1143.138523,1143.138504,1661327461.425301,82765.000,11680,1,TH,1,100,34.438
1143.273772,1143.273753,1661327461.560551,82896.000,11697,1,TH,1,100,34.438
1143.404892,1143.404873,1661327461.691671,83023.000,11714,1,TH,1,100,34.450
1143.538077,1143.538058,1661327461.824856,83152.000,11745,1,TH,1,100,34.457
1143.671262,1143.671243,1661327461.958040,83281.000,11762,1,TH,1,100,34.372
1143.803414,1143.803395,1661327462.090193,83409.000,11779,1,TH,1,100,34.372
1143.937631,1143.937612,1661327462.224410,83539.000,11810,1,TH,1,100,34.485
1144.069267,1144.069248,1661327462.356046,83666.500,11830,2,TH,1,100,34.485
1144.200903,1144.200884,1661327462.487682,83794.000,11830,2,TH,1,100,34.372
1144.334088,1144.334069,1661327462.620867,83923.000,11847,1,TH,1,100,34.372
1144.466240,1144.466222,1661327462.753020,84051.000,11869,1,TH,1,100,34.452
1144.598393,1144.598374,1661327462.885172,84179.000,11886,2,TH,1,100,34.452
1144.730545,1144.730526,1661327463.017324,84307.000,11886,2,TH,1,100,34.415
1144.864762,1144.864743,1661327463.151541,84437.000,11919,1,TH,1,100,34.415
1145.001044,1145.001026,1661327463.287824,84569.000,11937,1,TH,1,100,34.502
1145.134229,1145.134210,1661327463.421008,84698.000,11955,1,TH,1,100,34.502
1145.264317,1145.264298,1661327463.551096,84824.000,11972,1,TH,1,100,34.377
1145.397501,1145.397483,1661327463.684281,84953.000,12004,1,TH,1,100,34.377
1145.532751,1145.532732,1661327463.819530,85084.000,12020,1,TH,1,100,34.365
1145.666968,1145.666949,1661327463.953748,85214.000,12037,1,TH,1,100,34.372
1145.800153,1145.800134,1661327464.086932,85343.000,12054,1,TH,1,100,34.464
1145.931273,1145.931254,1661327464.218052,85470.000,12090,1,TH,1,100,34.464
1146.063425,1146.063406,1661327464.350205,85598.000,12110,1,TH,1,100,34.474
1146.199707,1146.199689,1661327464.486487,85730.000,12126,1,TH,1,100,34.474
1146.333925,1146.333906,1661327464.620704,85860.000,12145,1,TH,1,100,34.481
1146.466077,1146.466058,1661327464.752856,85988.000,12177,1,TH,1,100,34.481
1146.598229,1146.598210,1661327464.885009,86116.000,12193,1,TH,1,100,34.346
1146.732447,1146.732428,1661327465.019226,86246.000,12211,1,TH,1,100,34.346
1146.867696,1146.867677,1661327465.154476,86377.000,12227,1,TH,1,100,34.457
1147.000881,1147.000862,1661327465.287660,86506.000,12261,1,TH,1,100,34.457
1147.132001,1147.131982,1661327465.418780,86633.000,12282,1,TH,1,100,34.478
1147.268283,1147.268264,1661327465.555063,86765.000,12298,1,TH,1,100,34.478
1147.401468,1147.401449,1661327465.688247,86894.000,12332,1,TH,1,100,34.441
1147.533620,1147.533601,1661327465.820400,87022.000,12349,1,TH,1,100,34.448
1147.666805,1147.666786,1661327465.953584,87151.000,12376,1,TH,1,100,34.462
1147.798957,1147.798938,1661327466.085737,87279.000,12393,1,TH,1,100,34.462
1147.934207,1147.934188,1661327466.220986,87410.000,12411,1,TH,1,100,34.431
1148.067392,1148.067373,1661327466.354171,87539.000,12445,1,TH,1,100,34.431
1148.200576,1148.200558,1661327466.487356,87668.000,12462,1,TH,1,100,34.391
1148.332729,1148.332710,1661327466.619509,87796.000,12478,1,TH,1,100,34.391
1148.465913,1148.465895,1661327466.752693,87925.000,12496,1,TH,1,100,34.443
1148.598066,1148.598047,1661327466.884845,88053.000,12529,1,TH,1,100,34.443
1148.730218,1148.730199,1661327467.016998,88181.000,12546,1,TH,1,100,34.474
1148.863403,1148.863384,1661327467.150183,88310.000,12565,1,TH,1,100,34.474
1148.996588,1148.996569,1661327467.283368,88439.000,12602,1,TH,1,100,34.457
1149.128740,1149.128721,1661327467.415520,88567.000,12620,1,TH,1,100,34.457
1149.260892,1149.260874,1661327467.547672,88695.000,12637,1,TH,1,100,34.448
1149.394077,1149.394058,1661327467.680857,88824.000,12654,1,TH,1,100,34.448
1149.526229,1149.526211,1661327467.813010,88952.000,12687,1,TH,1,100,34.434
1149.659414,1149.659395,1661327467.946194,89081.000,12705,1,TH,1,100,34.434
1149.792599,1149.792580,1661327468.079379,89210.000,12721,1,TH,1,100,34.377
1149.923719,1149.923700,1661327468.210499,89337.000,12738,1,TH,1,100,34.384
1150.057936,1150.057917,1661327468.344716,89467.000,12774,1,TH,1,100,34.524
1150.193186,1150.193167,1661327468.479966,89598.000,12790,1,TH,1,100,34.524
1150.326371,1150.326352,1661327468.613151,89727.000,12807,1,TH,1,100,34.481
1150.457490,1150.457472,1661327468.744271,89854.000,12826,1,TH,1,100,34.481
1150.590675,1150.590656,1661327468.877455,89983.000,12862,1,TH,1,100,34.443
1150.725925,1150.725906,1661327469.012705,90114.000,12880,1,TH,1,100,34.443
1150.861174,1150.861156,1661327469.147955,90245.000,12898,1,TH,1,100,34.458
1150.993327,1150.993308,1661327469.280107,90373.000,12932,1,TH,1,100,34.458
1151.124447,1151.124428,1661327469.411227,90500.000,12951,1,TH,1,100,34.481
1151.257631,1151.257613,1661327469.544412,90629.000,12967,1,TH,1,100,34.481
1151.393914,1151.393895,1661327469.680694,90761.000,12985,1,TH,1,100,34.403
1151.528131,1151.528112,1661327469.814911,90891.000,13018,1,TH,1,100,34.403
1151.661316,1151.661297,1661327469.948096,91020.000,13034,1,TH,1,100,34.514
1151.791403,1151.791384,1661327470.078183,91146.000,13052,1,TH,1,100,34.521
1151.925620,1151.925602,1661327470.212401,91276.000,13085,1,TH,1,100,34.514
1152.061902,1152.061884,1661327470.348683,91408.000,13104,1,TH,1,100,34.507
1152.194055,1152.194036,1661327470.480835,91536.000,13124,1,TH,1,100,34.415
1152.325175,1152.325156,1661327470.611955,91663.000,13140,1,TH,1,100,34.422
1152.458359,1152.458341,1661327470.745140,91792.000,13172,1,TH,1,100,34.524
1152.592577,1152.592558,1661327470.879357,91922.000,13189,1,TH,1,100,34.524
1152.726794,1152.726775,1661327471.013574,92052.000,13206,1,TH,1,100,34.500
1152.858946,1152.858927,1661327471.145727,92180.000,13227,1,TH,1,100,34.500
1152.992131,1152.992112,1661327471.278912,92309.000,13264,1,TH,1,100,34.545
1153.128413,1153.128394,1661327471.415194,92441.000,13284,1,TH,1,100,34.545
1153.260565,1153.260547,1661327471.547346,92569.000,13301,1,TH,1,100,34.528
1153.393750,1153.393731,1661327471.680531,92698.000,13318,1,TH,1,100,34.528
1153.526935,1153.526916,1661327471.813716,92827.000,13349,1,TH,1,100,34.571
1153.659087,1153.659068,1661327471.945868,92955.000,13369,1,TH,1,100,34.571
1153.791239,1153.791221,1661327472.078020,93083.000,13388,1,TH,1,100,34.481
1153.925457,1153.925438,1661327472.212238,93213.000,13419,1,TH,1,100,34.481
1154.057609,1154.057590,1661327472.344390,93341.000,13441,1,TH,1,100,34.552
1154.190794,1154.190775,1661327472.477575,93470.000,13457,1,TH,1,100,34.559
1154.323979,1154.323960,1661327472.610759,93599.000,13476,1,TH,1,100,34.510
1154.455098,1154.455080,1661327472.741879,93726.000,13508,1,TH,1,100,34.510
1154.588283,1154.588265,1661327472.875064,93855.000,13524,1,TH,1,100,34.519
1154.721468,1154.721449,1661327473.008249,93984.000,13544,1,TH,1,100,34.519
1154.853620,1154.853602,1661327473.140401,94112.000,13562,1,TH,1,100,34.566
1154.986805,1154.986786,1661327473.273586,94241.000,13594,1,TH,1,100,34.566
1155.118957,1155.118939,1661327473.405739,94369.000,13613,1,TH,1,100,34.481
1155.251110,1155.251091,1661327473.537891,94497.000,13629,1,TH,1,100,34.481
1155.384295,1155.384276,1661327473.671076,94626.000,13664,1,TH,1,100,34.543
1155.516447,1155.516428,1661327473.803228,94754.000,13683,1,TH,1,100,34.543
1155.647567,1155.647548,1661327473.934348,94881.000,13699,1,TH,1,100,34.550
1155.780752,1155.780733,1661327474.067533,95010.000,13719,1,TH,1,100,34.550
1155.914969,1155.914950,1661327474.201750,95140.000,13750,1,TH,1,100,34.543
1156.050218,1156.050200,1661327474.337000,95271.000,13769,1,TH,1,100,34.543
1156.183403,1156.183385,1661327474.470185,95400.000,13788,1,TH,1,100,34.498
1156.313491,1156.313472,1661327474.600272,95526.000,13804,1,TH,1,100,34.498
1156.446675,1156.446657,1661327474.733457,95655.000,13838,1,TH,1,100,34.503
1156.582958,1156.582939,1661327474.869739,95787.000,13855,1,TH,1,100,34.510
1156.717175,1156.717156,1661327475.003956,95917.000,13875,1,TH,1,100,34.590
1156.849327,1156.849308,1661327475.136108,96045.000,13896,1,TH,1,100,34.590
1156.981479,1156.981461,1661327475.268261,96173.000,13912,1,TH,1,100,34.531
1157.114664,1157.114646,1661327475.401446,96302.000,13946,1,TH,1,100,34.531
1157.251979,1157.251960,1661327475.538760,96435.000,13963,1,TH,1,100,34.515
1157.385163,1157.385145,1661327475.671945,96564.000,13980,1,TH,1,100,34.515
1157.516283,1157.516265,1661327475.803065,96691.000,14011,1,TH,1,100,34.486
1157.648436,1157.648417,1661327475.935217,96819.000,14031,1,TH,1,100,34.486
1157.782653,1157.782634,1661327476.069434,96949.000,14047,1,TH,1,100,34.538
1157.917903,1157.917884,1661327476.204684,97080.000,14064,1,TH,1,100,34.538
1158.051087,1158.051069,1661327476.337869,97209.000,14100,1,TH,1,100,34.477
1158.184272,1158.184254,1661327476.471054,97338.000,14121,1,TH,1,100,34.477
1158.319522,1158.319503,1661327476.606303,97469.000,14141,1,TH,1,100,34.503
1158.452707,1158.452688,1661327476.739488,97598.000,14158,1,TH,1,100,34.510
1158.584859,1158.584840,1661327476.871641,97726.000,14191,1,TH,1,100,34.609
1158.718044,1158.718025,1661327477.004825,97855.000,14209,1,TH,1,100,34.609
1158.851228,1158.851210,1661327477.138010,97984.000,14225,1,TH,1,100,34.524
1158.981316,1158.981297,1661327477.268098,98110.000,14259,1,TH,1,100,34.524
1159.114501,1159.114482,1661327477.401283,98239.000,14278,1,TH,1,100,34.569
1159.247685,1159.247667,1661327477.534467,98368.000,14294,1,TH,1,100,34.569
1159.379838,1159.379819,1661327477.666620,98496.000,14314,1,TH,1,100,34.583
1159.513023,1159.513004,1661327477.799804,98625.000,14345,1,TH,1,100,34.583
1159.645175,1159.645156,1661327477.931957,98753.000,14366,1,TH,1,100,34.583
1159.777327,1159.777309,1661327478.064109,98881.000,14386,1,TH,1,100,34.583
1159.910512,1159.910493,1661327478.197294,99010.000,14402,1,TH,1,100,34.508
1160.043697,1160.043678,1661327478.330479,99139.000,14422,1,TH,1,100,34.508
1160.174817,1160.174798,1661327478.461599,99266.000,14455,1,TH,1,100,34.616
1160.308001,1160.307983,1661327478.594784,99395.000,14471,1,TH,1,100,34.616
1160.441186,1160.441168,1661327478.727968,99524.000,14489,1,TH,1,100,34.552
1160.574371,1160.574352,1661327478.861153,99653.000,14522,1,TH,1,100,34.552
1160.707556,1160.707537,1661327478.994338,99782.000,14539,1,TH,1,100,34.526
1160.839708,1160.839690,1661327479.126490,99910.000,14556,1,TH,1,100,34.526
1160.971860,1160.971842,1661327479.258643,100038.000,14572,1,TH,1,100,34.559
1161.106078,1161.106059,1661327479.392860,100168.000,14606,1,TH,1,100,34.567
1161.241327,1161.241309,1661327479.528110,100299.000,14623,1,TH,1,100,34.557
1161.374512,1161.374494,1661327479.661294,100428.000,14645,1,TH,1,100,34.557
1161.506664,1161.506646,1661327479.793447,100556.000,14662,1,TH,1,100,34.557
1161.638817,1161.638798,1661327479.925599,100684.000,14694,1,TH,1,100,34.557
1161.775099,1161.775080,1661327480.061881,100816.000,14710,1,TH,1,100,34.451
1161.909316,1161.909298,1661327480.196098,100946.000,14727,1,TH,1,100,34.451
1162.041468,1162.041450,1661327480.328251,101074.000,14763,1,TH,1,100,34.616
1162.172588,1162.172570,1661327480.459371,101201.000,14779,1,TH,1,100,34.616
1162.305773,1162.305755,1661327480.592556,101330.000,14796,1,TH,1,100,34.557
1162.442055,1162.442037,1661327480.728837,101462.000,14813,1,TH,1,100,34.557
1162.575240,1162.575221,1661327480.862022,101591.000,14844,1,TH,1,100,34.633
1162.707392,1162.707374,1661327480.994175,101719.000,14862,1,TH,1,100,34.633
1162.838512,1162.838494,1661327481.125295,101846.000,14878,1,TH,1,100,34.649
1162.973762,1162.973743,1661327481.260544,101977.000,14915,1,TH,1,100,34.649
1163.110044,1163.110025,1661327481.396827,102109.000,14934,1,TH,1,100,34.578
1163.242196,1163.242178,1661327481.528979,102237.000,14950,1,TH,1,100,34.578
1163.375381,1163.375363,1661327481.662163,102366.000,14968,1,TH,1,100,34.489
1163.507533,1163.507515,1661327481.794316,102494.000,14991,1,TH,1,100,34.496
1163.639686,1163.639667,1661327481.926468,102622.000,15023,1,TH,1,100,34.555
1163.772870,1163.772852,1661327482.059653,102751.000,15040,1,TH,1,100,34.555
1163.906055,1163.906037,1661327482.192838,102880.000,15056,1,TH,1,100,34.621
1164.039240,1164.039222,1661327482.326023,103009.000,15074,1,TH,1,100,34.621
1164.171392,1164.171374,1661327482.458175,103137.000,15109,1,TH,1,100,34.583
1164.303545,1164.303526,1661327482.590328,103265.000,15125,1,TH,1,100,34.583
1164.436729,1164.436711,1661327482.723512,103394.000,15146,1,TH,1,100,34.534
1164.569914,1164.569896,1661327482.856697,103523.000,15164,1,TH,1,100,34.534
1164.702066,1164.702048,1661327482.988849,103651.000,15196,1,TH,1,100,34.562
1164.834219,1164.834200,1661327483.121002,103779.000,15213,1,TH,1,100,34.569
1164.967404,1164.967385,1661327483.254187,103908.000,15231,1,TH,1,100,34.647
1165.099556,1165.099538,1661327483.386339,104036.000,15251,1,TH,1,100,34.640
1165.232741,1165.232722,1661327483.519524,104165.000,15286,1,TH,1,100,34.543
1165.365925,1165.365907,1661327483.652709,104294.000,15303,1,TH,1,100,34.551
1165.497045,1165.497027,1661327483.783828,104421.000,15322,1,TH,1,100,34.567
1165.630230,1165.630212,1661327483.917013,104550.000,15356,1,TH,1,100,34.567
1165.763415,1165.763397,1661327484.050198,104679.000,15372,1,TH,1,100,34.619
1165.895567,1165.895549,1661327484.182350,104807.000,15391,1,TH,1,100,34.619
1166.027720,1166.027701,1661327484.314503,104935.000,15411,1,TH,1,100,34.572
1166.160904,1166.160886,1661327484.447688,105064.000,15446,1,TH,1,100,34.572
1166.293057,1166.293038,1661327484.579840,105192.000,15464,1,TH,1,100,34.619
1166.427274,1166.427256,1661327484.714057,105322.000,15480,1,TH,1,100,34.619
1166.559426,1166.559408,1661327484.846210,105450.000,15499,1,TH,1,100,34.546
1166.690546,1166.690528,1661327484.977329,105577.000,15531,1,TH,1,100,34.546
1166.823731,1166.823713,1661327485.110514,105706.000,15546,1,TH,1,100,34.485
1166.958981,1166.958962,1661327485.245764,105837.000,15563,1,TH,1,100,34.485
1167.093198,1167.093179,1661327485.379981,105967.000,15582,1,TH,1,100,34.621
1167.226383,1167.226364,1661327485.513166,106096.000,15601,1,TH,1,100,34.628
1167.356470,1167.356452,1661327485.643253,106222.000,15633,1,TH,1,100,34.579
1167.489655,1167.489636,1661327485.776438,106351.000,15652,1,TH,1,100,34.579
1167.625937,1167.625919,1661327485.912720,106483.000,15671,1,TH,1,100,34.577
1167.759122,1167.759103,1661327486.045905,106612.000,15705,1,TH,1,100,34.577
1167.891274,1167.891256,1661327486.178057,106740.000,15721,1,TH,1,100,34.645
1168.023426,1168.023408,1661327486.310210,106868.000,15739,1,TH,1,100,34.645
1168.156611,1168.156593,1661327486.443395,106997.000,15757,1,TH,1,100,34.600
1168.292893,1168.292875,1661327486.579677,107129.000,15791,1,TH,1,100,34.600
1168.426078,1168.426060,1661327486.712862,107258.000,15808,1,TH,1,100,34.633
1168.558230,1168.558212,1661327486.845014,107386.000,15824,1,TH,1,100,34.633
1168.691415,1168.691397,1661327486.978199,107515.000,15844,1,TH,1,100,34.657
1168.824600,1168.824582,1661327487.111383,107644.000,15865,1,TH,1,100,34.657
1168.958301,1168.958283,1661327487.245085,107773.500,15900,2,TH,1,100,34.567
1169.092002,1169.091984,1661327487.378786,107903.000,15900,2,TH,1,100,34.574
1169.224154,1169.224136,1661327487.510938,108031.000,15933,1,TH,1,100,34.603
1169.356306,1169.356288,1661327487.643090,108159.000,15953,1,TH,1,100,34.603
1169.489491,1169.489473,1661327487.776275,108288.000,15969,1,TH,1,100,34.560
1169.621644,1169.621625,1661327487.908427,108416.000,16003,1,TH,1,100,34.560
1169.754828,1169.754810,1661327488.041612,108545.000,16022,1,TH,1,100,34.659
1169.888013,1169.887995,1661327488.174797,108674.000,16038,1,TH,1,100,34.659
1170.019133,1170.019115,1661327488.305917,108801.000,16056,1,TH,1,100,34.506
1170.152318,1170.152300,1661327488.439102,108930.000,16089,1,TH,1,100,34.506
1170.285503,1170.285484,1661327488.572287,109059.000,16108,1,TH,1,100,34.633
1170.417655,1170.417637,1661327488.704439,109187.000,16125,1,TH,1,100,34.633
1170.550840,1170.550821,1661327488.837624,109316.000,16144,1,TH,1,100,34.676
1170.681960,1170.681941,1661327488.968744,109443.000,16178,1,TH,1,100,34.676
1170.814112,1170.814094,1661327489.100896,109571.000,16195,1,TH,1,100,34.662
1170.947297,1170.947278,1661327489.234081,109700.000,16213,1,TH,1,100,34.662
1171.080481,1171.080463,1661327489.367265,109829.000,16233,1,TH,1,100,34.662
1171.211601,1171.211583,1661327489.498385,109956.000,16266,1,TH,1,100,34.662
1171.344786,1171.344768,1661327489.631570,110085.000,16283,1,TH,1,100,34.662
1171.477971,1171.477953,1661327489.764755,110214.000,16302,1,TH,1,100,34.662
1171.610123,1171.610105,1661327489.896908,110342.000,16334,1,TH,1,100,34.570
1171.743308,1171.743290,1661327490.030092,110471.000,16352,1,TH,1,100,34.577
1171.874428,1171.874410,1661327490.161212,110598.000,16369,1,TH,1,100,34.652
1172.007613,1172.007594,1661327490.294397,110727.000,16388,1,TH,1,100,34.652
1172.142862,1172.142844,1661327490.429647,110858.000,16424,1,TH,1,100,34.553
1172.277080,1172.277061,1661327490.563864,110988.000,16441,1,TH,1,100,34.553
1172.410264,1172.410246,1661327490.697049,111117.000,16458,1,TH,1,100,34.704
1172.541384,1172.541366,1661327490.828169,111244.000,16477,1,TH,1,100,34.704
1172.673537,1172.673518,1661327490.960321,111372.000,16509,1,TH,1,100,34.742
1172.809819,1172.809800,1661327491.096603,111504.000,16525,1,TH,1,100,34.742
1172.944036,1172.944018,1661327491.230820,111634.000,16544,1,TH,1,100,34.676
1173.076188,1173.076170,1661327491.362973,111762.000,16580,1,TH,1,100,34.676
1173.209373,1173.209355,1661327491.496157,111891.000,16596,1,TH,1,100,34.664
1173.341525,1173.341507,1661327491.628310,112019.000,16614,1,TH,1,100,34.664
1173.476775,1173.476757,1661327491.763560,112150.000,16632,1,TH,1,100,34.568
1173.609960,1173.609942,1661327491.896744,112279.000,16669,1,TH,1,100,34.568
1173.743144,1173.743126,1661327492.029929,112408.000,16686,1,TH,1,100,34.659
1173.876329,1173.876311,1661327492.163114,112537.000,16702,1,TH,1,100,34.659
1174.009514,1174.009496,1661327492.296299,112666.000,16743,1,TH,1,100,34.664
1174.144764,1174.144746,1661327492.431548,112797.000,16760,1,TH,1,100,34.664
1174.276916,1174.276898,1661327492.563701,112925.000,16776,1,TH,1,100,34.711
1174.410101,1174.410083,1661327492.696886,113054.000,16796,1,TH,1,100,34.718
1174.542253,1174.542235,1661327492.829038,113182.000,16827,1,TH,1,100,34.655
1174.675438,1174.675420,1661327492.962223,113311.000,16844,1,TH,1,100,34.655
1174.808623,1174.808605,1661327493.095407,113440.000,16861,1,TH,1,100,34.638
1174.940775,1174.940757,1661327493.227560,113568.000,16879,1,TH,1,100,34.638
1175.073960,1175.073942,1661327493.360745,113697.000,16913,1,TH,1,100,34.652
1175.206112,1175.206094,1661327493.492897,113825.000,16933,1,TH,1,100,34.652
1175.338264,1175.338246,1661327493.625049,113953.000,16950,1,TH,1,100,34.709
1175.471449,1175.471431,1661327493.758234,114082.000,16967,1,TH,1,100,34.709
1175.604634,1175.604616,1661327493.891419,114211.000,17001,1,TH,1,100,34.697
1175.736786,1175.736768,1661327494.023571,114339.000,17019,1,TH,1,100,34.697
1175.868939,1175.868921,1661327494.155724,114467.000,17036,1,TH,1,100,34.714
1176.002123,1176.002105,1661327494.288908,114596.000,17055,1,TH,1,100,34.714
1176.134276,1176.134258,1661327494.421061,114724.000,17074,1,TH,1,100,34.549
1176.267461,1176.267442,1661327494.554246,114853.000,17106,1,TH,1,100,34.549
1176.400645,1176.400627,1661327494.687430,114982.000,17122,1,TH,1,100,34.655
1176.531765,1176.531747,1661327494.818550,115109.000,17141,1,TH,1,100,34.662
1176.664950,1176.664932,1661327494.951735,115238.000,17163,1,TH,1,100,34.636
1176.798135,1176.798117,1661327495.084920,115367.000,17194,1,TH,1,100,34.636
1176.930287,1176.930269,1661327495.217072,115495.000,17214,1,TH,1,100,34.662
1177.062439,1177.062421,1661327495.349225,115623.000,17232,1,TH,1,100,34.662
1177.195624,1177.195606,1661327495.482409,115752.000,17249,1,TH,1,100,34.610
1177.327777,1177.327758,1661327495.614562,115880.000,17283,1,TH,1,100,34.610
1177.461994,1177.461976,1661327495.748779,116010.000,17299,1,TH,1,100,34.671
1177.594146,1177.594128,1661327495.880931,116138.000,17316,1,TH,1,100,34.671
1177.725266,1177.725248,1661327496.012051,116265.000,17350,1,TH,1,100,34.697
1177.858451,1177.858433,1661327496.145236,116394.000,17366,1,TH,1,100,34.697
1177.993700,1177.993682,1661327496.280486,116525.000,17386,1,TH,1,100,34.657
1178.127918,1178.127900,1661327496.414703,116655.000,17404,1,TH,1,100,34.657
1178.261102,1178.261084,1661327496.547888,116784.000,17426,1,TH,1,100,34.575
1178.393255,1178.393237,1661327496.680040,116912.000,17458,1,TH,1,100,34.582
1178.525407,1178.525389,1661327496.812193,117040.000,17474,1,TH,1,100,34.610
1178.661689,1178.661671,1661327496.948475,117172.000,17492,1,TH,1,100,34.610
1178.793841,1178.793823,1661327497.080627,117300.000,17508,1,TH,1,100,34.700
1178.927026,1178.927008,1661327497.213812,117429.000,17540,1,TH,1,100,34.700
1179.060211,1179.060193,1661327497.346997,117558.000,17561,1,TH,1,100,34.681
1179.192363,1179.192345,1661327497.479149,117686.000,17579,1,TH,1,100,34.681
1179.327613,1179.327595,1661327497.614399,117817.000,17602,1,TH,1,100,34.690
1179.460798,1179.460780,1661327497.747583,117946.000,17620,1,TH,1,100,34.690
1179.592950,1179.592932,1661327497.879736,118074.000,17652,1,TH,1,100,34.665
1179.726135,1179.726117,1661327498.012921,118203.000,17672,1,TH,1,100,34.665
1179.861385,1179.861367,1661327498.148170,118334.000,17688,1,TH,1,100,34.698
1179.995602,1179.995584,1661327498.282387,118464.000,17706,1,TH,1,100,34.698
1180.128270,1180.128252,1661327498.415056,118592.500,17729,2,TH,1,100,34.709
1180.260939,1180.260921,1661327498.547725,118721.000,17729,2,TH,1,100,34.709
1180.393091,1180.393073,1661327498.679877,118849.000,17748,1,TH,1,100,34.674
1180.527308,1180.527290,1661327498.814094,118979.000,17765,1,TH,1,100,34.681
1180.659461,1180.659443,1661327498.946247,119107.000,17782,1,TH,1,100,34.728
1180.792645,1180.792628,1661327499.079432,119236.000,17800,1,TH,1,100,34.728
1180.925830,1180.925812,1661327499.212616,119365.000,17818,1,TH,1,100,34.662
1181.056950,1181.056932,1661327499.343736,119492.000,17838,1,TH,1,100,34.662
1181.190135,1181.190117,1661327499.476921,119621.000,17869,1,TH,1,100,34.745
1181.323320,1181.323302,1661327499.610106,119750.000,17889,1,TH,1,100,34.745
1181.455472,1181.455454,1661327499.742258,119878.000,17906,1,TH,1,100,34.688
1181.588657,1181.588639,1661327499.875443,120007.000,17922,1,TH,1,100,34.688
1181.720809,1181.720791,1661327500.007595,120135.000,17956,1,TH,1,100,34.644
1181.852961,1181.852944,1661327500.139748,120263.000,17973,1,TH,1,100,34.644
1181.986146,1181.986128,1661327500.272933,120392.000,17990,1,TH,1,100,34.594
1182.119331,1182.119313,1661327500.406117,120521.000,18011,1,TH,1,100,34.594
1182.249418,1182.249401,1661327500.536205,120647.000,18043,1,TH,1,100,34.637
1182.382603,1182.382585,1661327500.669389,120776.000,18059,1,TH,1,100,34.637
1182.515788,1182.515770,1661327500.802574,120905.000,18078,1,TH,1,100,34.684
1182.647940,1182.647922,1661327500.934727,121033.000,18110,1,TH,1,100,34.684
1182.782158,1182.782140,1661327501.068944,121163.000,18129,1,TH,1,100,34.719
1182.915342,1182.915324,1661327501.202129,121292.000,18146,1,TH,1,100,34.719
1183.048527,1183.048509,1661327501.335314,121421.000,18165,1,TH,1,100,34.700
1183.183777,1183.183759,1661327501.470563,121552.000,18200,1,TH,1,100,34.707
1183.317994,1183.317976,1661327501.604780,121682.000,18218,1,TH,1,100,34.672
1183.451179,1183.451161,1661327501.737965,121811.000,18236,1,TH,1,100,34.672
1183.584364,1183.584346,1661327501.871150,121940.000,18253,1,TH,1,100,34.688
1183.715483,1183.715466,1661327502.002270,122067.000,18287,1,TH,1,100,34.688
1183.852798,1183.852780,1661327502.139585,122200.000,18303,1,TH,1,100,34.705
1183.985983,1183.985965,1661327502.272769,122329.000,18323,1,TH,1,100,34.705
1184.118135,1184.118117,1661327502.404922,122457.000,18356,1,TH,1,100,34.759
1184.251320,1184.251302,1661327502.538106,122586.000,18373,1,TH,1,100,34.759
1184.383472,1184.383454,1661327502.670259,122714.000,18393,1,TH,1,100,34.677
1184.518722,1184.518704,1661327502.805509,122845.000,18409,1,TH,1,100,34.677
1184.651907,1184.651889,1661327502.938693,122974.000,18448,1,TH,1,100,34.761
1184.785091,1184.785074,1661327503.071878,123103.000,18465,1,TH,1,100,34.761
1184.917244,1184.917226,1661327503.204031,123231.000,18481,1,TH,1,100,34.790
1185.051461,1185.051443,1661327503.338248,123361.000,18503,1,TH,1,100,34.797
1185.185678,1185.185660,1661327503.472465,123491.000,18534,1,TH,1,100,34.726
1185.317830,1185.317813,1661327503.604617,123619.000,18551,1,TH,1,100,34.726
1185.451015,1185.450997,1661327503.737802,123748.000,18570,1,TH,1,100,34.797
1185.581103,1185.581085,1661327503.867890,123874.000,18586,1,TH,1,100,34.797
1185.714287,1185.714270,1661327504.001074,124003.000,18620,1,TH,1,100,34.752
1185.847472,1185.847454,1661327504.134259,124132.000,18637,1,TH,1,100,34.752
1185.979625,1185.979607,1661327504.266412,124260.000,18657,1,TH,1,100,34.649
1186.112809,1186.112792,1661327504.399596,124389.000,18690,1,TH,1,100,34.649
1186.244962,1186.244944,1661327504.531749,124517.000,18708,1,TH,1,100,34.743
1186.377114,1186.377096,1661327504.663901,124645.000,18724,1,TH,1,100,34.743
1186.510299,1186.510281,1661327504.797086,124774.000,18741,1,TH,1,100,34.724
1186.643484,1186.643466,1661327504.930271,124903.000,18773,1,TH,1,100,34.724
1186.774603,1186.774586,1661327505.061391,125030.000,18789,1,TH,1,100,34.809
1186.907788,1186.907770,1661327505.194575,125159.000,18806,1,TH,1,100,34.816
1187.040973,1187.040955,1661327505.327760,125288.000,18827,1,TH,1,100,34.698
1187.173125,1187.173108,1661327505.459913,125416.000,18860,1,TH,1,100,34.698
1187.306310,1187.306292,1661327505.593097,125545.000,18878,1,TH,1,100,34.792
1187.438462,1187.438445,1661327505.725250,125673.000,18899,1,TH,1,100,34.792
1187.570615,1187.570597,1661327505.857402,125801.000,18931,1,TH,1,100,34.717
1187.702767,1187.702749,1661327505.989554,125929.000,18948,1,TH,1,100,34.717
1187.835952,1187.835934,1661327506.122739,126058.000,18966,1,TH,1,100,34.743
1187.972234,1187.972216,1661327506.259021,126190.000,18984,1,TH,1,100,34.743
1188.106451,1188.106433,1661327506.393239,126320.000,19017,1,TH,1,100,34.712
1188.239636,1188.239618,1661327506.526423,126449.000,19033,1,TH,1,100,34.712
1188.369723,1188.369706,1661327506.656511,126575.000,19051,1,TH,1,100,34.752
1188.503941,1188.503923,1661327506.790728,126705.000,19069,1,TH,1,100,34.752
1188.636093,1188.636075,1661327506.922880,126833.000,19103,1,TH,1,100,34.879
1188.769278,1188.769260,1661327507.056065,126962.000,19120,1,TH,1,100,34.886
1188.900398,1188.900380,1661327507.187185,127089.000,19137,1,TH,1,100,34.774
1189.036680,1189.036662,1661327507.323467,127221.000,19159,1,TH,1,100,34.766
1189.169864,1189.169847,1661327507.456652,127350.000,19192,1,TH,1,100,34.792
1189.303049,1189.303032,1661327507.589837,127479.000,19209,1,TH,1,100,34.800
1189.435202,1189.435184,1661327507.721989,127607.000,19226,1,TH,1,100,34.727
1189.568386,1189.568369,1661327507.855174,127736.000,19262,1,TH,1,100,34.727
1189.704668,1189.704651,1661327507.991456,127868.000,19278,1,TH,1,100,34.734
1189.836821,1189.836803,1661327508.123609,127996.000,19295,1,TH,1,100,34.734
1189.970006,1189.969988,1661327508.256793,128125.000,19317,1,TH,1,100,34.750
1190.102158,1190.102140,1661327508.388946,128253.000,19352,1,TH,1,100,34.750
1190.236375,1190.236357,1661327508.523163,128383.000,19369,1,TH,1,100,34.793
1190.370592,1190.370575,1661327508.657380,128513.000,19386,1,TH,1,100,34.793
1190.503777,1190.503759,1661327508.790565,128642.000,19418,1,TH,1,100,34.769
1190.635929,1190.635912,1661327508.922717,128770.000,19438,1,TH,1,100,34.769
1190.768082,1190.768064,1661327509.054870,128898.000,19456,1,TH,1,100,34.783
1190.903331,1190.903314,1661327509.190119,129029.000,19473,1,TH,1,100,34.790
1191.036516,1191.036499,1661327509.323304,129158.000,19509,1,TH,1,100,34.793
1191.169701,1191.169683,1661327509.456489,129287.000,19527,1,TH,1,100,34.793
1191.301853,1191.301836,1661327509.588641,129415.000,19545,1,TH,1,100,34.844
1191.434006,1191.433988,1661327509.720794,129543.000,19578,1,TH,1,100,34.844
1191.567190,1191.567173,1661327509.853978,129672.000,19595,1,TH,1,100,34.826
1191.699343,1191.699325,1661327509.986131,129800.000,19612,1,TH,1,100,34.826
1191.832528,1191.832510,1661327510.119316,129929.000,19628,1,TH,1,100,34.797
1191.965712,1191.965695,1661327510.252501,130058.000,19665,1,TH,1,100,34.797
1192.096832,1192.096815,1661327510.383620,130185.000,19684,1,TH,1,100,34.708
1192.230017,1192.229999,1661327510.516805,130314.000,19700,1,TH,1,100,34.708
1192.363202,1192.363184,1661327510.649990,130443.000,19718,1,TH,1,100,34.757
1192.495354,1192.495336,1661327510.782142,130571.000,19751,1,TH,1,100,34.757
1192.629571,1192.629554,1661327510.916360,130701.000,19768,1,TH,1,100,34.795
1192.762756,1192.762738,1661327511.049544,130830.000,19787,1,TH,1,100,34.795
1192.892844,1192.892826,1661327511.179632,130956.000,19805,1,TH,1,100,34.837
1193.026028,1193.026011,1661327511.312817,131085.000,19841,1,TH,1,100,34.837
1193.162310,1193.162293,1661327511.449099,131217.000,19858,1,TH,1,100,34.767
1193.296528,1193.296510,1661327511.583316,131347.000,19875,1,TH,1,100,34.774
1193.428680,1193.428662,1661327511.715468,131475.000,19908,1,TH,1,100,34.828
1193.560832,1193.560815,1661327511.847621,131603.000,19929,1,TH,1,100,34.828
1193.694017,1193.693999,1661327511.980805,131732.000,19945,1,TH,1,100,34.856
1193.830299,1193.830282,1661327512.117088,131864.000,19964,1,TH,1,100,34.856
1193.962451,1193.962434,1661327512.249240,131992.000,20000,1,TH,1,100,34.795
1194.094604,1194.094586,1661327512.381392,132120.000,20016,1,TH,1,100,34.795
1194.229853,1194.229836,1661327512.516642,132251.000,20033,1,TH,1,100,34.842
1194.363038,1194.363021,1661327512.649827,132380.000,20065,1,TH,1,100,34.842
1194.496223,1194.496205,1661327512.783012,132509.000,20083,1,TH,1,100,34.847
1194.629408,1194.629390,1661327512.916196,132638.000,20101,1,TH,1,100,34.847
1194.762593,1194.762575,1661327513.049381,132767.000,20119,1,TH,1,100,34.781
1194.898875,1194.898857,1661327513.185663,132899.000,20153,1,TH,1,100,34.781
1195.032059,1195.032042,1661327513.318848,133028.000,20175,1,TH,1,100,34.840
1195.164212,1195.164194,1661327513.451000,133156.000,20193,1,TH,1,100,34.840
1195.297397,1195.297379,1661327513.584185,133285.000,20230,1,TH,1,100,34.866
1195.430581,1195.430564,1661327513.717370,133414.000,20249,1,TH,1,100,34.866
1195.564798,1195.564781,1661327513.851587,133544.000,20265,1,TH,1,100,34.788
1195.697983,1195.697966,1661327513.984772,133673.000,20285,1,TH,1,100,34.788
1195.831168,1195.831150,1661327514.117957,133802.000,20316,1,TH,1,100,34.816
1195.962288,1195.962270,1661327514.249077,133929.000,20333,1,TH,1,100,34.816
1196.097538,1196.097520,1661327514.384326,134060.000,20354,1,TH,1,100,34.753
1196.231755,1196.231737,1661327514.518544,134190.000,20372,1,TH,1,100,34.753
1196.363907,1196.363890,1661327514.650696,134318.000,20404,1,TH,1,100,34.847
1196.497092,1196.497074,1661327514.783881,134447.000,20421,1,TH,1,100,34.854
1196.629244,1196.629227,1661327514.916033,134575.000,20441,1,TH,1,100,34.762
1196.762429,1196.762411,1661327515.049218,134704.000,20472,1,TH,1,100,34.762
1196.895614,1196.895596,1661327515.182403,134833.000,20492,1,TH,1,100,34.854
1197.027766,1197.027749,1661327515.314555,134961.000,20510,1,TH,1,100,34.854
1197.160951,1197.160933,1661327515.447740,135090.000,20527,1,TH,1,100,34.828
1197.292071,1197.292053,1661327515.578860,135217.000,20559,1,TH,1,100,34.828
1197.424223,1197.424206,1661327515.711012,135345.000,20575,1,TH,1,100,34.852
1197.556375,1197.556358,1661327515.843165,135473.000,20592,1,TH,1,100,34.852
1197.690593,1197.690575,1661327515.977382,135603.000,20609,1,TH,1,100,34.812
1197.825842,1197.825825,1661327516.112632,135734.000,20642,1,TH,1,100,34.812
1197.959027,1197.959010,1661327516.245816,135863.000,20662,1,TH,1,100,34.762
1198.091179,1198.091162,1661327516.377969,135991.000,20683,1,TH,1,100,34.762
1198.223332,1198.223314,1661327516.510121,136119.000,20700,1,TH,1,100,34.805
1198.359614,1198.359596,1661327516.646403,136251.000,20734,1,TH,1,100,34.805
1198.493831,1198.493814,1661327516.780620,136381.000,20750,1,TH,1,100,34.812
1198.625983,1198.625966,1661327516.912773,136509.000,20768,1,TH,1,100,34.812
1198.757103,1198.757086,1661327517.043893,136636.000,20784,1,TH,1,100,34.854
1198.890288,1198.890271,1661327517.177078,136765.000,20816,1,TH,1,100,34.854
1199.026570,1199.026553,1661327517.313360,136897.000,20837,1,TH,1,100,34.770
1199.159755,1199.159737,1661327517.446544,137026.000,20853,1,TH,1,100,34.770
1199.291907,1199.291890,1661327517.578697,137154.000,20887,1,TH,1,100,34.880
1199.423027,1199.423010,1661327517.709817,137281.000,20904,1,TH,1,100,34.880
1199.557244,1199.557227,1661327517.844034,137411.000,20922,1,TH,1,100,34.770
1199.689397,1199.689379,1661327517.976186,137539.000,20940,1,TH,1,100,34.777
1199.822581,1199.822564,1661327518.109371,137668.000,20974,1,TH,1,100,34.821
1199.954734,1199.954716,1661327518.241524,137796.000,20993,1,TH,1,100,34.821
1200.089983,1200.089966,1661327518.376773,137927.000,21010,1,TH,1,100,34.819
1200.223168,1200.223151,1661327518.509958,138056.000,21028,1,TH,1,100,34.819
1200.356353,1200.356336,1661327518.643143,138185.000,21046,1,TH,1,100,34.789
1200.489538,1200.489520,1661327518.776328,138314.000,21084,1,TH,1,100,34.789
1200.622723,1200.622705,1661327518.909512,138443.000,21103,1,TH,1,100,34.821
1200.757972,1200.757955,1661327519.044762,138574.000,21120,1,TH,1,100,34.821
1200.890125,1200.890107,1661327519.176914,138702.000,21136,1,TH,1,100,34.803
1201.023309,1201.023292,1661327519.310099,138831.000,21170,1,TH,1,100,34.803
1201.155462,1201.155444,1661327519.442251,138959.000,21192,1,TH,1,100,34.796
1201.290711,1201.290694,1661327519.577501,139090.000,21209,1,TH,1,100,34.796
1201.424929,1201.424911,1661327519.711719,139220.000,21228,1,TH,1,100,34.833
1201.558113,1201.558096,1661327519.844903,139349.000,21262,1,TH,1,100,34.833
1201.690266,1201.690248,1661327519.977056,139477.000,21278,1,TH,1,100,34.805
1201.822418,1201.822401,1661327520.109208,139605.000,21299,1,TH,1,100,34.805
1201.958700,1201.958683,1661327520.245490,139737.000,21315,1,TH,1,100,34.901
1202.090852,1202.090835,1661327520.377642,139865.000,21349,1,TH,1,100,34.894
1202.224037,1202.224020,1661327520.510827,139994.000,21366,1,TH,1,100,34.777
1202.358254,1202.358237,1661327520.645045,140124.000,21383,1,TH,1,100,34.777
1202.491439,1202.491422,1661327520.778229,140253.000,21414,1,TH,1,100,34.767
1202.623591,1202.623574,1661327520.910382,140381.000,21432,1,TH,1,100,34.767
1202.754711,1202.754694,1661327521.041502,140508.000,21451,1,TH,1,100,34.835
1202.889961,1202.889944,1661327521.176751,140639.000,21468,1,TH,1,100,34.835
1203.026243,1203.026226,1661327521.313033,140771.000,21502,1,TH,1,100,34.845
1203.158395,1203.158378,1661327521.445186,140899.000,21518,1,TH,1,100,34.845
1203.289515,1203.289498,1661327521.576306,141026.000,21536,1,TH,1,100,34.840
1203.422700,1203.422683,1661327521.709491,141155.000,21569,1,TH,1,100,34.840
1203.557950,1203.557932,1661327521.844740,141286.000,21586,1,TH,1,100,34.835
1203.692167,1203.692150,1661327521.978957,141416.000,21603,1,TH,1,100,34.835
1203.825352,1203.825334,1661327522.112142,141545.000,21619,1,TH,1,100,34.781
1203.955439,1203.955422,1661327522.242230,141671.000,21653,1,TH,1,100,34.781
1204.088624,1204.088607,1661327522.375414,141800.000,21670,1,TH,1,100,34.781
1204.224906,1204.224889,1661327522.511697,141932.000,21690,1,TH,1,100,34.774
1204.358091,1204.358074,1661327522.644881,142061.000,21707,1,TH,1,100,34.798
1204.490243,1204.490226,1661327522.777034,142189.000,21723,1,TH,1,100,34.798
1204.622396,1204.622378,1661327522.909186,142317.000,21755,1,TH,1,100,34.786
1204.756613,1204.756595,1661327523.043403,142447.000,21772,1,TH,1,100,34.786
1204.892895,1204.892877,1661327523.179685,142579.000,21788,1,TH,1,100,34.845
1205.025047,1205.025030,1661327523.311838,142707.000,21822,1,TH,1,100,34.845
1205.157199,1205.157182,1661327523.443990,142835.000,21839,1,TH,1,100,34.812
1205.293482,1205.293464,1661327523.580272,142967.000,21858,1,TH,1,100,34.812
1205.425634,1205.425617,1661327523.712425,143095.000,21875,1,TH,1,100,34.802
1205.558819,1205.558801,1661327523.845609,143224.000,21907,1,TH,1,100,34.802
1205.692003,1205.691986,1661327523.978794,143353.000,21923,1,TH,1,100,34.833
1205.824156,1205.824138,1661327524.110947,143481.000,21950,1,TH,1,100,34.833
1205.959405,1205.959388,1661327524.246196,143612.000,21969,1,TH,1,100,34.838
1206.092590,1206.092573,1661327524.379381,143741.000,21988,1,TH,1,100,34.838
1206.224743,1206.224725,1661327524.511533,143869.000,22004,1,TH,1,100,34.816
1206.357927,1206.357910,1661327524.644718,143998.000,22038,1,TH,1,100,34.816
