LslMarkerSourceTimestamp,LslLocalTimestamp,LocalTimestamp,EmotiBitTimestamp,PacketNumber,DataLength,TypeTag,ProtocolVersion,DataReliability,T1
1095.327254,1095.327234,1661327413.614023,36456.000,3792,1,T1,1,100,34.727
1095.460439,1095.460418,1661327413.747208,36585.000,3812,1,T1,1,100,34.846
1095.593623,1095.593603,1661327413.880393,36714.000,3828,1,T1,1,100,34.827
1095.725776,1095.725755,1661327414.012545,36842.000,3860,1,T1,1,100,34.677
1095.856896,1095.856875,1661327414.143665,36969.000,3879,1,T1,1,100,34.754
1095.990080,1095.990060,1661327414.276850,37098.000,3895,1,T1,1,100,34.681
1096.123265,1096.123245,1661327414.410035,37227.000,3913,1,T1,1,100,34.756
1096.254385,1096.254365,1661327414.541155,37354.000,3946,1,T1,1,100,34.859
1096.386537,1096.386517,1661327414.673307,37482.000,3962,1,T1,1,100,34.726
1096.519722,1096.519702,1661327414.806492,37611.000,3980,1,T1,1,100,34.740
1096.652907,1096.652887,1661327414.939677,37740.000,3998,1,T1,1,100,34.746
1096.786092,1096.786071,1661327415.072861,37869.000,4030,1,T1,1,100,34.713
1096.919276,1096.919256,1661327415.206046,37998.000,4052,1,T1,1,100,34.734
1097.050396,1097.050376,1661327415.337166,38125.000,4068,1,T1,1,100,34.849
1097.183581,1097.183561,1661327415.470351,38254.000,4086,1,T1,1,100,34.793
1097.315733,1097.315713,1661327415.602503,38382.000,4121,1,T1,1,100,34.769
1097.447886,1097.447866,1661327415.734656,38510.000,4138,1,T1,1,100,34.794
1097.580038,1097.580018,1661327415.866808,38638.000,4157,1,T1,1,100,34.804
1097.713223,1097.713203,1661327415.999993,38767.000,4191,1,T1,1,100,34.773
1097.847440,1097.847420,1661327416.134210,38897.000,4207,1,T1,1,100,34.902
1097.983722,1097.983702,1661327416.270492,39029.000,4226,1,T1,1,100,34.816
1098.115875,1098.115854,1661327416.402645,39157.000,4242,1,T1,1,100,34.814
1098.248027,1098.248007,1661327416.534797,39285.000,4276,1,T1,1,100,34.778
1098.381212,1098.381192,1661327416.667982,39414.000,4293,1,T1,1,100,34.833
1098.515429,1098.515409,1661327416.802199,39544.000,4315,1,T1,1,100,34.750
1098.649646,1098.649626,1661327416.936416,39674.000,4346,1,T1,1,100,34.821
1098.783863,1098.783843,1661327417.070633,39804.000,4366,1,T1,1,100,34.710
1098.913951,1098.913931,1661327417.200721,39930.000,4382,1,T1,1,100,34.768
1099.047135,1099.047115,1661327417.333906,40059.000,4399,1,T1,1,100,34.793
1099.183418,1099.183397,1661327417.470188,40191.000,4433,1,T1,1,100,34.840
1099.316602,1099.316582,1661327417.603373,40320.000,4449,1,T1,1,100,34.789
1099.449787,1099.449767,1661327417.736557,40449.000,4469,1,T1,1,100,34.838
1099.581939,1099.581919,1661327417.868710,40577.000,4485,1,T1,1,100,34.823
1099.714092,1099.714072,1661327418.000862,40705.000,4519,1,T1,1,100,34.817
1099.850374,1099.850354,1661327418.137144,40837.000,4536,1,T1,1,100,34.815
1099.984591,1099.984571,1661327418.271362,40967.000,4560,1,T1,1,100,34.778
1100.116743,1100.116723,1661327418.403514,41095.000,4578,1,T1,1,100,34.762
1100.249928,1100.249908,1661327418.536699,41224.000,4596,1,T1,1,100,34.755
1100.382081,1100.382060,1661327418.668851,41352.000,4630,1,T1,1,100,34.788
1100.515265,1100.515245,1661327418.802036,41481.000,4647,1,T1,1,100,34.944
1100.648450,1100.648430,1661327418.935221,41610.000,4663,1,T1,1,100,34.905
1100.780602,1100.780582,1661327419.067373,41738.000,4695,1,T1,1,100,34.852
1100.912755,1100.912735,1661327419.199525,41866.000,4714,1,T1,1,100,34.865
1101.046972,1101.046952,1661327419.333743,41996.000,4730,1,T1,1,100,34.906
1101.179124,1101.179104,1661327419.465895,42124.000,4752,1,T1,1,100,34.889
1101.312309,1101.312289,1661327419.599080,42253.000,4783,1,T1,1,100,34.810
1101.445494,1101.445474,1661327419.732265,42382.000,4800,1,T1,1,100,34.847
1101.576614,1101.576594,1661327419.863384,42509.000,4820,1,T1,1,100,34.898
1101.709799,1101.709778,1661327419.996569,42638.000,4836,1,T1,1,100,34.850
1101.841951,1101.841931,1661327420.128722,42766.000,4870,1,T1,1,100,34.899
1101.974103,1101.974083,1661327420.260874,42894.000,4887,1,T1,1,100,34.886
1102.108320,1102.108300,1661327420.395091,43024.000,4904,1,T1,1,100,34.773
1102.240473,1102.240453,1661327420.527244,43152.000,4937,1,T1,1,100,34.831
1102.372625,1102.372605,1661327420.659396,43280.000,4957,1,T1,1,100,34.927
1102.505810,1102.505790,1661327420.792581,43409.000,4973,1,T1,1,100,34.862
1102.638995,1102.638975,1661327420.925766,43538.000,4990,1,T1,1,100,34.905
1102.770114,1102.770094,1661327421.056885,43665.000,5022,1,T1,1,100,34.994
1102.902267,1102.902247,1661327421.189038,43793.000,5038,1,T1,1,100,34.962
1103.035452,1103.035432,1661327421.322223,43922.000,5060,1,T1,1,100,34.877
1103.167604,1103.167584,1661327421.454375,44050.000,5079,1,T1,1,100,34.911
1103.301821,1103.301801,1661327421.588592,44180.000,5110,1,T1,1,100,34.855
1103.432941,1103.432921,1661327421.719712,44307.000,5130,1,T1,1,100,34.902
1103.565093,1103.565073,1661327421.851865,44435.000,5146,1,T1,1,100,35.064
1103.700343,1103.700323,1661327421.987114,44566.000,5179,1,T1,1,100,34.957
1103.834560,1103.834540,1661327422.121331,44696.000,5196,1,T1,1,100,34.839
1103.967745,1103.967725,1661327422.254516,44825.000,5212,1,T1,1,100,34.895
1104.099897,1104.099877,1661327422.386669,44953.000,5232,1,T1,1,100,34.955
1104.231017,1104.230997,1661327422.517788,45080.000,5265,1,T1,1,100,34.839
1104.367299,1104.367279,1661327422.654071,45212.000,5281,1,T1,1,100,34.930
1104.501517,1104.501497,1661327422.788288,45342.000,5299,1,T1,1,100,34.970
1104.633669,1104.633649,1661327422.920440,45470.000,5318,1,T1,1,100,34.916
1104.766854,1104.766834,1661327423.053625,45599.000,5354,1,T1,1,100,34.964
1104.900038,1104.900018,1661327423.186810,45728.000,5371,1,T1,1,100,35.020
1105.036321,1105.036301,1661327423.323092,45860.000,5387,1,T1,1,100,35.009
1105.168473,1105.168453,1661327423.455244,45988.000,5421,1,T1,1,100,35.039
1105.301658,1105.301638,1661327423.588429,46117.000,5443,1,T1,1,100,34.981
1105.434842,1105.434822,1661327423.721614,46246.000,5462,1,T1,1,100,34.921
1105.568027,1105.568007,1661327423.854799,46375.000,5479,1,T1,1,100,34.930
1105.703277,1105.703257,1661327423.990048,46506.000,5511,1,T1,1,100,34.934
1105.835429,1105.835409,1661327424.122201,46634.000,5527,1,T1,1,100,34.865
1105.968614,1105.968594,1661327424.255386,46763.000,5544,1,T1,1,100,34.835
1106.099734,1106.099714,1661327424.386505,46890.000,5583,1,T1,1,100,34.893
1106.231886,1106.231866,1661327424.518658,47018.000,5599,1,T1,1,100,34.989
1106.365071,1106.365051,1661327424.651843,47147.000,5616,1,T1,1,100,35.066
1106.497223,1106.497203,1661327424.783995,47275.000,5633,1,T1,1,100,34.922
1106.631440,1106.631421,1661327424.918212,47405.000,5664,1,T1,1,100,34.895
1106.763593,1106.763573,1661327425.050364,47533.000,5682,1,T1,1,100,34.955
1106.895745,1106.895725,1661327425.182517,47661.000,5698,1,T1,1,100,34.980
1107.028930,1107.028910,1661327425.315702,47790.000,5715,1,T1,1,100,35.027
1107.162115,1107.162095,1661327425.448887,47919.000,5749,1,T1,1,100,34.905
1107.293235,1107.293215,1661327425.580006,48046.000,5765,1,T1,1,100,34.888
1107.424354,1107.424335,1661327425.711126,48173.000,5783,1,T1,1,100,34.952
1107.557539,1107.557519,1661327425.844311,48302.000,5799,1,T1,1,100,35.015
1107.690724,1107.690704,1661327425.977496,48431.000,5833,1,T1,1,100,35.006
1107.823909,1107.823889,1661327426.110681,48560.000,5850,1,T1,1,100,34.967
1107.957094,1107.957074,1661327426.243865,48689.000,5866,1,T1,1,100,34.986
1108.088213,1108.088194,1661327426.374985,48816.000,5884,1,T1,1,100,34.958
1108.221398,1108.221378,1661327426.508170,48945.000,5917,1,T1,1,100,34.947
1108.354583,1108.354563,1661327426.641355,49074.000,5933,1,T1,1,100,35.048
1108.485703,1108.485683,1661327426.772475,49201.000,5956,1,T1,1,100,35.056
1108.617855,1108.617835,1661327426.904627,49329.000,5991,1,T1,1,100,34.918
1108.751040,1108.751020,1661327427.037812,49458.000,6008,1,T1,1,100,35.000
1108.886290,1108.886270,1661327427.173062,49589.000,6025,1,T1,1,100,34.929
1109.021539,1109.021519,1661327427.308311,49720.000,6043,1,T1,1,100,35.005
1109.153692,1109.153672,1661327427.440464,49848.000,6080,1,T1,1,100,35.038
1109.286876,1109.286857,1661327427.573649,49977.000,6099,1,T1,1,100,35.016
1109.419029,1109.419009,1661327427.705801,50105.000,6116,1,T1,1,100,34.901
1109.552214,1109.552194,1661327427.838986,50234.000,6133,1,T1,1,100,34.886
1109.686431,1109.686411,1661327427.973203,50364.000,6165,1,T1,1,100,34.986
1109.819616,1109.819596,1661327428.106388,50493.000,6181,1,T1,1,100,34.994
1109.952800,1109.952780,1661327428.239573,50622.000,6200,1,T1,1,100,34.891
1110.085985,1110.085965,1661327428.372757,50751.000,6236,1,T1,1,100,34.988
1110.221235,1110.221215,1661327428.508007,50882.000,6252,1,T1,1,100,35.030
1110.353387,1110.353367,1661327428.640160,51010.000,6269,1,T1,1,100,34.978
1110.486572,1110.486552,1661327428.773344,51139.000,6286,1,T1,1,100,34.990
1110.619757,1110.619737,1661327428.906529,51268.000,6308,1,T1,1,100,34.960
1110.751909,1110.751889,1661327429.038682,51396.000,6345,1,T1,1,100,34.947
1110.887159,1110.887139,1661327429.173931,51527.000,6363,1,T1,1,100,35.013
1111.021376,1111.021356,1661327429.308148,51657.000,6380,1,T1,1,100,35.005
1111.153528,1111.153508,1661327429.440301,51785.000,6399,1,T1,1,100,35.002
1111.286713,1111.286693,1661327429.573486,51914.000,6430,1,T1,1,100,35.072
1111.418865,1111.418845,1661327429.705638,52042.000,6448,1,T1,1,100,35.031
1111.552050,1111.552030,1661327429.838823,52171.000,6466,1,T1,1,100,34.907
1111.685235,1111.685215,1661327429.972008,52300.000,6483,1,T1,1,100,34.960
1111.816355,1111.816335,1661327430.103127,52427.000,6517,1,T1,1,100,35.018
1111.948507,1111.948487,1661327430.235280,52555.000,6533,1,T1,1,100,34.972
1112.082724,1112.082704,1661327430.369497,52685.000,6551,1,T1,1,100,34.988
1112.214877,1112.214857,1661327430.501649,52813.000,6587,1,T1,1,100,35.137
1112.348061,1112.348042,1661327430.634834,52942.000,6603,1,T1,1,100,35.024
1112.481246,1112.481226,1661327430.768019,53071.000,6621,1,T1,1,100,35.046
1112.612366,1112.612346,1661327430.899139,53198.000,6637,1,T1,1,100,35.091
1112.745551,1112.745531,1661327431.032324,53327.000,6671,1,T1,1,100,35.039
1112.877703,1112.877683,1661327431.164476,53455.000,6688,1,T1,1,100,34.946
1113.009855,1113.009836,1661327431.296628,53583.000,6704,1,T1,1,100,34.977
1113.143040,1113.143020,1661327431.429813,53712.000,6724,1,T1,1,100,34.919
1113.276225,1113.276205,1661327431.562998,53841.000,6757,1,T1,1,100,35.000
1113.408377,1113.408358,1661327431.695150,53969.000,6774,1,T1,1,100,35.107
1113.541562,1113.541542,1661327431.828335,54098.000,6791,1,T1,1,100,35.082
1113.674747,1113.674727,1661327431.961520,54227.000,6828,1,T1,1,100,34.929
1113.807932,1113.807912,1661327432.094705,54356.000,6846,1,T1,1,100,34.969
1113.941116,1113.941097,1661327432.227890,54485.000,6863,1,T1,1,100,35.093
1114.072236,1114.072217,1661327432.359010,54612.000,6880,1,T1,1,100,35.076
1114.205421,1114.205401,1661327432.492194,54741.000,6899,1,T1,1,100,34.962
1114.339638,1114.339619,1661327432.626411,54871.000,6933,1,T1,1,100,35.019
1114.471791,1114.471771,1661327432.758564,54999.000,6949,1,T1,1,100,35.008
1114.604975,1114.604956,1661327432.891749,55128.000,6970,1,T1,1,100,35.039
1114.739193,1114.739173,1661327433.025966,55258.000,7002,1,T1,1,100,35.159
1114.873410,1114.873390,1661327433.160183,55388.000,7018,1,T1,1,100,35.104
1115.006595,1115.006575,1661327433.293368,55517.000,7035,1,T1,1,100,35.081
1115.138747,1115.138727,1661327433.425520,55645.000,7056,1,T1,1,100,35.106
1115.269867,1115.269847,1661327433.556640,55772.000,7090,1,T1,1,100,35.010
1115.407181,1115.407162,1661327433.693955,55905.000,7108,1,T1,1,100,35.040
1115.540366,1115.540346,1661327433.827140,56034.000,7126,1,T1,1,100,35.088
1115.672518,1115.672499,1661327433.959292,56162.000,7160,1,T1,1,100,35.145
1115.805703,1115.805684,1661327434.092477,56291.000,7182,1,T1,1,100,35.098
1115.937856,1115.937836,1661327434.224629,56419.000,7198,1,T1,1,100,35.078
1116.073105,1116.073086,1661327434.359879,56550.000,7216,1,T1,1,100,35.069
1116.205258,1116.205238,1661327434.492031,56678.000,7236,1,T1,1,100,35.030
1116.338442,1116.338423,1661327434.625216,56807.000,7270,1,T1,1,100,35.119
1116.470595,1116.470575,1661327434.757368,56935.000,7287,1,T1,1,100,35.087
1116.606877,1116.606857,1661327434.893650,57067.000,7305,1,T1,1,100,35.109
1116.742126,1116.742107,1661327435.028900,57198.000,7323,1,T1,1,100,35.082
1116.874279,1116.874259,1661327435.161052,57326.000,7357,1,T1,1,100,35.071
1117.007464,1117.007444,1661327435.294237,57455.000,7375,1,T1,1,100,35.102
1117.138583,1117.138564,1661327435.425357,57582.000,7395,1,T1,1,100,35.079
1117.271768,1117.271749,1661327435.558542,57711.000,7411,1,T1,1,100,34.999
1117.404953,1117.404933,1661327435.691727,57840.000,7443,1,T1,1,100,35.106
1117.537105,1117.537086,1661327435.823879,57968.000,7460,1,T1,1,100,35.117
1117.671322,1117.671303,1661327435.958096,58098.000,7478,1,T1,1,100,35.157
1117.803475,1117.803455,1661327436.090249,58226.000,7496,1,T1,1,100,35.103
1117.935627,1117.935608,1661327436.222401,58354.000,7529,1,T1,1,100,35.045
1118.068812,1118.068792,1661327436.355586,58483.000,7546,1,T1,1,100,35.019
1118.201997,1118.201977,1661327436.488771,58612.000,7565,1,T1,1,100,35.115
1118.334149,1118.334129,1661327436.620923,58740.000,7602,1,T1,1,100,35.121
1118.465269,1118.465249,1661327436.752043,58867.000,7618,1,T1,1,100,35.052
1118.597421,1118.597402,1661327436.884195,58995.000,7635,1,T1,1,100,35.093
1118.730606,1118.730586,1661327437.017380,59124.000,7652,1,T1,1,100,35.111
1118.865856,1118.865836,1661327437.152630,59255.000,7685,1,T1,1,100,35.119
1119.001105,1119.001086,1661327437.287879,59386.000,7702,1,T1,1,100,35.087
1119.133258,1119.133238,1661327437.420032,59514.000,7721,1,T1,1,100,35.179
1119.264378,1119.264358,1661327437.551152,59641.000,7740,1,T1,1,100,35.078
1119.397562,1119.397543,1661327437.684337,59770.000,7774,1,T1,1,100,34.998
1119.531780,1119.531760,1661327437.818554,59900.000,7790,1,T1,1,100,34.999
1119.665997,1119.665977,1661327437.952771,60030.000,7807,1,T1,1,100,35.141
1119.798149,1119.798130,1661327438.084923,60158.000,7841,1,T1,1,100,35.168
1119.934431,1119.934412,1661327438.221205,60290.000,7857,1,T1,1,100,35.179
1120.069681,1120.069661,1661327438.356455,60421.000,7878,1,T1,1,100,35.148
1120.201833,1120.201814,1661327438.488608,60549.000,7896,1,T1,1,100,35.064
1120.335018,1120.334998,1661327438.621792,60678.000,7930,1,T1,1,100,35.099
1120.466138,1120.466118,1661327438.752912,60805.000,7947,1,T1,1,100,35.114
1120.602420,1120.602400,1661327438.889194,60937.000,7963,1,T1,1,100,35.085
1120.735605,1120.735585,1661327439.022379,61066.000,7995,1,T1,1,100,35.037
1120.868789,1120.868770,1661327439.155564,61195.000,8012,1,T1,1,100,35.158
1121.001974,1121.001955,1661327439.288749,61324.000,8028,1,T1,1,100,35.033
1121.134127,1121.134107,1661327439.420901,61452.000,8053,1,T1,1,100,35.121
1121.270409,1121.270389,1661327439.557183,61584.000,8069,1,T1,1,100,35.159
1121.402561,1121.402542,1661327439.689336,61712.000,8087,1,T1,1,100,35.104
1121.535746,1121.535726,1661327439.822520,61841.000,8121,1,T1,1,100,35.080
1121.668931,1121.668911,1661327439.955705,61970.000,8137,1,T1,1,100,35.141
1121.801083,1121.801063,1661327440.087857,62098.000,8155,1,T1,1,100,35.203
1121.935300,1121.935281,1661327440.222075,62228.000,8171,1,T1,1,100,35.123
1122.069517,1122.069498,1661327440.356292,62358.000,8207,1,T1,1,100,35.195
1122.201670,1122.201650,1661327440.488444,62486.000,8224,1,T1,1,100,35.191
1122.333822,1122.333803,1661327440.620597,62614.000,8242,1,T1,1,100,35.118
1122.464942,1122.464922,1661327440.751717,62741.000,8260,1,T1,1,100,35.193
1122.598127,1122.598107,1661327440.884902,62870.000,8293,1,T1,1,100,35.225
1122.731311,1122.731292,1661327441.018086,62999.000,8310,1,T1,1,100,35.133
1122.862431,1122.862412,1661327441.149206,63126.000,8327,1,T1,1,100,35.164
1122.994584,1122.994564,1661327441.281358,63254.000,8364,1,T1,1,100,35.177
1123.127768,1123.127749,1661327441.414543,63383.000,8382,1,T1,1,100,35.148
1123.260953,1123.260934,1661327441.547728,63512.000,8399,1,T1,1,100,35.135
1123.394138,1123.394119,1661327441.680913,63641.000,8418,1,T1,1,100,35.129
1123.529388,1123.529368,1661327441.816163,63772.000,8451,1,T1,1,100,35.127
1123.661540,1123.661521,1661327441.948315,63900.000,8468,1,T1,1,100,35.090
1123.792660,1123.792640,1661327442.079435,64027.000,8485,1,T1,1,100,35.110
1123.925845,1123.925825,1661327442.212620,64156.000,8502,1,T1,1,100,35.119
1124.060062,1124.060042,1661327442.346837,64286.000,8538,1,T1,1,100,35.158
1124.195312,1124.195292,1661327442.482087,64417.000,8554,1,T1,1,100,35.175
1124.329529,1124.329509,1661327442.616304,64547.000,8571,1,T1,1,100,35.111
1124.459616,1124.459597,1661327442.746391,64673.000,8608,1,T1,1,100,35.225
1124.592801,1124.592782,1661327442.879576,64802.000,8624,1,T1,1,100,35.275
1124.729083,1124.729064,1661327443.015858,64934.000,8642,1,T1,1,100,35.225
1124.863300,1124.863281,1661327443.150075,65064.000,8658,1,T1,1,100,35.168
1124.996485,1124.996466,1661327443.283260,65193.000,8690,1,T1,1,100,35.215
1125.126572,1125.126553,1661327443.413348,65319.000,8709,1,T1,1,100,35.164
1125.259757,1125.259738,1661327443.546533,65448.000,8725,1,T1,1,100,35.177
1125.393974,1125.393955,1661327443.680750,65578.000,8743,1,T1,1,100,35.219
1125.526127,1125.526107,1661327443.812902,65706.000,8774,1,T1,1,100,35.130
1125.658279,1125.658260,1661327443.945055,65834.000,8790,1,T1,1,100,35.163
1125.793529,1125.793509,1661327444.080304,65965.000,8810,1,T1,1,100,35.212
1125.926714,1125.926694,1661327444.213489,66094.000,8841,1,T1,1,100,35.127
1126.059898,1126.059879,1661327444.346674,66223.000,8861,1,T1,1,100,35.232
1126.192051,1126.192031,1661327444.478826,66351.000,8884,1,T1,1,100,35.278
1126.324203,1126.324184,1661327444.610979,66479.000,8900,1,T1,1,100,35.227
1126.460485,1126.460466,1661327444.747261,66611.000,8937,1,T1,1,100,35.133
1126.594702,1126.594683,1661327444.881478,66741.000,8954,1,T1,1,100,35.200
1126.726855,1126.726835,1661327445.013630,66869.000,8971,1,T1,1,100,35.157
1126.860039,1126.860020,1661327445.146815,66998.000,8988,1,T1,1,100,35.139
1126.993224,1126.993205,1661327445.280000,67127.000,9022,1,T1,1,100,35.167
1127.127441,1127.127422,1661327445.414217,67257.000,9040,1,T1,1,100,35.107
1127.260626,1127.260607,1661327445.547402,67386.000,9059,1,T1,1,100,35.117
1127.393811,1127.393792,1661327445.680587,67515.000,9091,1,T1,1,100,35.228
1127.524931,1127.524911,1661327445.811707,67642.000,9107,1,T1,1,100,35.241
1127.661213,1127.661194,1661327445.947989,67774.000,9127,1,T1,1,100,35.140
1127.795430,1127.795411,1661327446.082206,67904.000,9144,1,T1,1,100,35.131
1127.927582,1127.927563,1661327446.214358,68032.000,9175,1,T1,1,100,35.128
1128.060767,1128.060748,1661327446.347543,68161.000,9193,1,T1,1,100,35.126
1128.191887,1128.191868,1661327446.478663,68288.000,9211,1,T1,1,100,35.267
1128.325072,1128.325053,1661327446.611848,68417.000,9230,1,T1,1,100,35.257
1128.456192,1128.456172,1661327446.742968,68544.000,9264,1,T1,1,100,35.218
1128.589377,1128.589357,1661327446.876153,68673.000,9280,1,T1,1,100,35.236
1128.726691,1128.726672,1661327447.013467,68806.000,9298,1,T1,1,100,35.173
1128.859876,1128.859857,1661327447.146652,68935.000,9333,1,T1,1,100,35.217
1128.990996,1128.990976,1661327447.277772,69062.000,9349,1,T1,1,100,35.236
1129.123148,1129.123129,1661327447.409924,69190.000,9372,1,T1,1,100,35.279
1129.257365,1129.257346,1661327447.544142,69320.000,9388,1,T1,1,100,35.121
1129.392615,1129.392596,1661327447.679391,69451.000,9420,1,T1,1,100,35.123
1129.524767,1129.524748,1661327447.811543,69579.000,9437,1,T1,1,100,35.266
1129.655887,1129.655868,1661327447.942663,69706.000,9453,1,T1,1,100,35.186
1129.788040,1129.788020,1661327448.074816,69834.000,9471,1,T1,1,100,35.187
1129.925354,1129.925335,1661327448.212130,69967.000,9504,1,T1,1,100,35.223
1130.060604,1130.060584,1661327448.347380,70098.000,9521,1,T1,1,100,35.238
1130.192756,1130.192737,1661327448.479532,70226.000,9542,1,T1,1,100,35.209
1130.323876,1130.323857,1661327448.610652,70353.000,9574,1,T1,1,100,35.268
1130.457061,1130.457041,1661327448.743837,70482.000,9592,1,T1,1,100,35.258
1130.593343,1130.593324,1661327448.880119,70614.000,9611,1,T1,1,100,35.147
1130.726528,1130.726508,1661327449.013304,70743.000,9631,1,T1,1,100,35.170
1130.857647,1130.857628,1661327449.144424,70870.000,9662,1,T1,1,100,35.251
1130.993930,1130.993910,1661327449.280706,71002.000,9679,1,T1,1,100,35.250
1131.128147,1131.128128,1661327449.414923,71132.000,9698,1,T1,1,100,35.250
1131.260299,1131.260280,1661327449.547076,71260.000,9729,1,T1,1,100,35.250
1131.393484,1131.393465,1661327449.680260,71389.000,9747,1,T1,1,100,35.215
1131.526669,1131.526649,1661327449.813445,71518.000,9765,1,T1,1,100,35.199
1131.662951,1131.662932,1661327449.949727,71650.000,9782,1,T1,1,100,35.193
1131.795103,1131.795084,1661327450.081880,71778.000,9803,1,T1,1,100,35.296
1131.928288,1131.928269,1661327450.215065,71907.000,9821,1,T1,1,100,35.234
1132.061473,1132.061453,1661327450.348249,72036.000,9855,1,T1,1,100,35.208
1132.194657,1132.194638,1661327450.481434,72165.000,9875,1,T1,1,100,35.161
1132.329907,1132.329888,1661327450.616684,72296.000,9891,1,T1,1,100,35.282
1132.462059,1132.462040,1661327450.748836,72424.000,9913,1,T1,1,100,35.299
1132.595244,1132.595225,1661327450.882021,72553.000,9946,1,T1,1,100,35.236
1132.727397,1132.727377,1661327451.014173,72681.000,9963,1,T1,1,100,35.173
1132.860581,1132.860562,1661327451.147358,72810.000,9980,1,T1,1,100,35.181
1132.994799,1132.994779,1661327451.281575,72940.000,9996,1,T1,1,100,35.220
1133.127983,1133.127964,1661327451.414760,73069.000,10014,1,T1,1,100,35.273
1133.261168,1133.261149,1661327451.547945,73198.000,10049,1,T1,1,100,35.295
1133.394353,1133.394334,1661327451.681130,73327.000,10066,1,T1,1,100,35.163
1133.526505,1133.526486,1661327451.813282,73455.000,10085,1,T1,1,100,35.142
1133.657625,1133.657606,1661327451.944402,73582.000,10119,1,T1,1,100,35.274
1133.790810,1133.790791,1661327452.077587,73711.000,10138,1,T1,1,100,35.260
1133.926059,1133.926040,1661327452.212837,73842.000,10155,1,T1,1,100,35.361
1134.059244,1134.059225,1661327452.346021,73971.000,10172,1,T1,1,100,35.298
1134.191397,1134.191377,1661327452.478174,74099.000,10207,1,T1,1,100,35.200
1134.323549,1134.323530,1661327452.610326,74227.000,10224,1,T1,1,100,35.122
1134.457766,1134.457747,1661327452.744543,74357.000,10243,1,T1,1,100,35.195
1134.594048,1134.594029,1661327452.880825,74489.000,10274,1,T1,1,100,35.226
1134.726201,1134.726181,1661327453.012978,74617.000,10292,1,T1,1,100,35.169
1134.858353,1134.858334,1661327453.145130,74745.000,10308,1,T1,1,100,35.215
1134.991538,1134.991519,1661327453.278315,74874.000,10325,1,T1,1,100,35.235
1135.125755,1135.125736,1661327453.412532,75004.000,10359,1,T1,1,100,35.243
1135.259972,1135.259953,1661327453.546749,75134.000,10378,1,T1,1,100,35.318
1135.394189,1135.394170,1661327453.680967,75264.000,10396,1,T1,1,100,35.209
1135.524277,1135.524258,1661327453.811054,75390.000,10412,1,T1,1,100,35.303
1135.657462,1135.657442,1661327453.944239,75519.000,10448,1,T1,1,100,35.308
1135.793744,1135.793724,1661327454.080521,75651.000,10465,1,T1,1,100,35.275
1135.926928,1135.926909,1661327454.213706,75780.000,10483,1,T1,1,100,35.332
1136.059081,1136.059062,1661327454.345858,75908.000,10517,1,T1,1,100,35.321
1136.191233,1136.191214,1661327454.478010,76036.000,10534,1,T1,1,100,35.210
1136.325450,1136.325431,1661327454.612228,76166.000,10550,1,T1,1,100,35.233
1136.458635,1136.458616,1661327454.745413,76295.000,10568,1,T1,1,100,35.242
1136.591820,1136.591801,1661327454.878597,76424.000,10599,1,T1,1,100,35.282
1136.725005,1136.724985,1661327455.011782,76553.000,10620,1,T1,1,100,35.264
1136.860254,1136.860235,1661327455.147032,76684.000,10640,1,T1,1,100,35.291
1136.992407,1136.992387,1661327455.279184,76812.000,10681,1,T1,1,100,35.232
1137.125591,1137.125572,1661327455.412369,76941.000,10699,1,T1,1,100,35.242
1137.258776,1137.258757,1661327455.545554,77070.000,10716,1,T1,1,100,35.247
1137.390928,1137.390909,1661327455.677706,77198.000,10733,1,T1,1,100,35.213
1137.526178,1137.526159,1661327455.812956,77329.000,10766,1,T1,1,100,35.163
1137.660395,1137.660376,1661327455.947173,77459.000,10783,1,T1,1,100,35.283
1137.792548,1137.792529,1661327456.079325,77587.000,10800,1,T1,1,100,35.229
1137.925732,1137.925713,1661327456.212510,77716.000,10817,1,T1,1,100,35.241
1138.059950,1138.059931,1661327456.346727,77846.000,10853,1,T1,1,100,35.246
1138.194167,1138.194148,1661327456.480945,77976.000,10869,1,T1,1,100,35.248
1138.327352,1138.327333,1661327456.614130,78105.000,10891,1,T1,1,100,35.178
1138.459504,1138.459485,1661327456.746282,78233.000,10908,1,T1,1,100,35.219
1138.591656,1138.591637,1661327456.878434,78361.000,10941,1,T1,1,100,35.272
1138.725874,1138.725854,1661327457.012651,78491.000,10959,1,T1,1,100,35.330
1138.858026,1138.858007,1661327457.144804,78619.000,10975,1,T1,1,100,35.356
1138.990178,1138.990159,1661327457.276956,78747.000,11007,1,T1,1,100,35.296
1139.126460,1139.126441,1661327457.413238,78879.000,11028,1,T1,1,100,35.199
1139.259645,1139.259626,1661327457.546423,79008.000,11044,1,T1,1,100,35.228
1139.391797,1139.391778,1661327457.678576,79136.000,11064,1,T1,1,100,35.276
1139.522917,1139.522898,1661327457.809695,79263.000,11080,1,T1,1,100,35.190
1139.657134,1139.657115,1661327457.943913,79393.000,11097,1,T1,1,100,35.295
1139.793417,1139.793398,1661327458.080195,79525.000,11131,1,T1,1,100,35.199
1139.927634,1139.927615,1661327458.214412,79655.000,11150,1,T1,1,100,35.192
1140.058754,1140.058735,1661327458.345532,79782.000,11168,1,T1,1,100,35.296
1140.190906,1140.190887,1661327458.477684,79910.000,11205,1,T1,1,100,35.270
1140.326156,1140.326137,1661327458.612934,80041.000,11221,1,T1,1,100,35.365
1140.460373,1140.460354,1661327458.747151,80171.000,11239,1,T1,1,100,35.371
1140.592525,1140.592506,1661327458.879303,80299.000,11255,1,T1,1,100,35.338
1140.723645,1140.723626,1661327459.010423,80426.000,11289,1,T1,1,100,35.288
1140.855797,1140.855778,1661327459.142576,80554.000,11306,1,T1,1,100,35.266
1140.993112,1140.993093,1661327459.279890,80687.000,11322,1,T1,1,100,35.293
1141.127329,1141.127310,1661327459.414108,80817.000,11360,1,T1,1,100,35.268
1141.259482,1141.259463,1661327459.546260,80945.000,11379,1,T1,1,100,35.364
1141.390601,1141.390582,1661327459.677380,81072.000,11396,1,T1,1,100,35.299
1141.524819,1141.524800,1661327459.811597,81202.000,11413,1,T1,1,100,35.271
1141.660068,1141.660049,1661327459.946847,81333.000,11450,1,T1,1,100,35.437
1141.792221,1141.792202,1661327460.078999,81461.000,11466,1,T1,1,100,35.437
1141.923341,1141.923322,1661327460.210119,81588.000,11485,1,T1,1,100,35.331
1142.060655,1142.060636,1661327460.347434,81721.000,11502,1,T1,1,100,35.356
1142.193840,1142.193821,1661327460.480618,81850.000,11539,1,T1,1,100,35.402
1142.326508,1142.326489,1661327460.613287,81978.500,11560,2,T1,1,100,35.387
1142.459177,1142.459158,1661327460.745955,82107.000,11560,2,T1,1,100,35.345
1142.591329,1142.591310,1661327460.878108,82235.000,11592,1,T1,1,100,35.291
1142.726579,1142.726560,1661327461.013358,82366.000,11609,1,T1,1,100,35.197
1142.858731,1142.858712,1661327461.145510,82494.000,11626,1,T1,1,100,35.298
1142.991916,1142.991897,1661327461.278695,82623.000,11661,1,T1,1,100,35.306
1143.124068,1143.124049,1661327461.410847,82751.000,11679,1,T1,1,100,35.345
1143.260350,1143.260332,1661327461.547129,82883.000,11696,1,T1,1,100,35.433
1143.392503,1143.392484,1661327461.679281,83011.000,11713,1,T1,1,100,35.365
1143.524655,1143.524636,1661327461.811434,83139.000,11744,1,T1,1,100,35.300
1143.657840,1143.657821,1661327461.944619,83268.000,11761,1,T1,1,100,35.413
1143.791025,1143.791006,1661327462.077804,83397.000,11778,1,T1,1,100,35.392
1143.923177,1143.923158,1661327462.209956,83525.000,11795,1,T1,1,100,35.311
1144.055329,1144.055310,1661327462.342108,83653.000,11829,2,T1,1,100,35.347
1144.187482,1144.187463,1661327462.474261,83781.000,11829,2,T1,1,100,35.363
1144.320666,1144.320648,1661327462.607445,83910.000,11846,1,T1,1,100,35.334
1144.453851,1144.453832,1661327462.740630,84039.000,11868,1,T1,1,100,35.287
1144.585487,1144.585468,1661327462.872266,84166.500,11885,2,T1,1,100,35.337
1144.717123,1144.717105,1661327463.003902,84294.000,11885,2,T1,1,100,35.288
1144.851341,1144.851322,1661327463.138120,84424.000,11902,1,T1,1,100,35.302
1144.987623,1144.987604,1661327463.274402,84556.000,11936,1,T1,1,100,35.308
1145.119775,1145.119756,1661327463.406554,84684.000,11954,1,T1,1,100,35.310
1145.250895,1145.250876,1661327463.537674,84811.000,11971,1,T1,1,100,35.347
1145.384080,1145.384061,1661327463.670859,84940.000,12003,1,T1,1,100,35.363
1145.519329,1145.519311,1661327463.806109,85071.000,12019,1,T1,1,100,35.405
1145.654579,1145.654560,1661327463.941358,85202.000,12036,1,T1,1,100,35.388
1145.786731,1145.786713,1661327464.073511,85330.000,12053,1,T1,1,100,35.416
1145.917851,1145.917832,1661327464.204631,85457.000,12089,1,T1,1,100,35.393
1146.051036,1146.051017,1661327464.337815,85586.000,12109,1,T1,1,100,35.312
1146.185253,1146.185234,1661327464.472033,85716.000,12125,1,T1,1,100,35.312
1146.319470,1146.319452,1661327464.606250,85846.000,12144,1,T1,1,100,35.277
1146.452655,1146.452636,1661327464.739435,85975.000,12176,1,T1,1,100,35.368
1146.584808,1146.584789,1661327464.871587,86103.000,12192,1,T1,1,100,35.478
1146.719025,1146.719006,1661327465.005804,86233.000,12210,1,T1,1,100,35.420
1146.855307,1146.855288,1661327465.142086,86365.000,12226,1,T1,1,100,35.359
1146.987459,1146.987440,1661327465.274239,86493.000,12260,1,T1,1,100,35.333
1147.118579,1147.118560,1661327465.405359,86620.000,12281,1,T1,1,100,35.392
1147.253829,1147.253810,1661327465.540608,86751.000,12297,1,T1,1,100,35.382
1147.387014,1147.386995,1661327465.673793,86880.000,12331,1,T1,1,100,35.307
1147.520198,1147.520179,1661327465.806978,87009.000,12348,1,T1,1,100,35.346
1147.653383,1147.653364,1661327465.940163,87138.000,12375,1,T1,1,100,35.327
1147.785535,1147.785517,1661327466.072315,87266.000,12392,1,T1,1,100,35.354
1147.921818,1147.921799,1661327466.208597,87398.000,12410,1,T1,1,100,35.331
1148.053970,1148.053951,1661327466.340750,87526.000,12444,1,T1,1,100,35.427
1148.187155,1148.187136,1661327466.473934,87655.000,12461,1,T1,1,100,35.397
1148.320339,1148.320321,1661327466.607119,87784.000,12477,1,T1,1,100,35.420
1148.451459,1148.451440,1661327466.738239,87911.000,12495,1,T1,1,100,35.395
1148.583612,1148.583593,1661327466.870391,88039.000,12528,1,T1,1,100,35.383
1148.717829,1148.717810,1661327467.004609,88169.000,12545,1,T1,1,100,35.343
1148.849981,1148.849962,1661327467.136761,88297.000,12564,1,T1,1,100,35.361
1148.983166,1148.983147,1661327467.269946,88426.000,12580,1,T1,1,100,35.334
1149.116351,1149.116332,1661327467.403131,88555.000,12619,1,T1,1,100,35.322
1149.247471,1149.247452,1661327467.534250,88682.000,12636,1,T1,1,100,35.352
1149.380655,1149.380637,1661327467.667435,88811.000,12653,1,T1,1,100,35.365
1149.512808,1149.512789,1661327467.799588,88939.000,12670,1,T1,1,100,35.335
1149.644960,1149.644941,1661327467.931740,89067.000,12704,1,T1,1,100,35.393
1149.778145,1149.778126,1661327468.064925,89196.000,12720,1,T1,1,100,35.312
1149.910297,1149.910278,1661327468.197077,89324.000,12737,1,T1,1,100,35.383
1150.044514,1150.044496,1661327468.331295,89454.000,12773,1,T1,1,100,35.449
1150.180796,1150.180778,1661327468.467577,89586.000,12789,1,T1,1,100,35.336
1150.312949,1150.312930,1661327468.599729,89714.000,12806,1,T1,1,100,35.394
1150.444069,1150.444050,1661327468.730849,89841.000,12825,1,T1,1,100,35.383
1150.577253,1150.577235,1661327468.864034,89970.000,12861,1,T1,1,100,35.308
1150.711471,1150.711452,1661327468.998251,90100.000,12879,1,T1,1,100,35.346
1150.846720,1150.846702,1661327469.133501,90231.000,12897,1,T1,1,100,35.398
1150.980938,1150.980919,1661327469.267718,90361.000,12931,1,T1,1,100,35.314
1151.111025,1151.111006,1661327469.397805,90487.000,12950,1,T1,1,100,35.349
1151.244210,1151.244191,1661327469.530990,90616.000,12966,1,T1,1,100,35.434
1151.380492,1151.380473,1661327469.667272,90748.000,12984,1,T1,1,100,35.294
1151.514709,1151.514690,1661327469.801489,90878.000,13017,1,T1,1,100,35.305
1151.647894,1151.647875,1661327469.934674,91007.000,13033,1,T1,1,100,35.274
1151.777981,1151.777963,1661327470.064762,91133.000,13051,1,T1,1,100,35.260
1151.911166,1151.911147,1661327470.197947,91262.000,13067,1,T1,1,100,35.325
1152.048481,1152.048462,1661327470.335261,91395.000,13103,1,T1,1,100,35.460
1152.181665,1152.181647,1661327470.468446,91524.000,13123,1,T1,1,100,35.412
1152.312785,1152.312767,1661327470.599566,91651.000,13139,1,T1,1,100,35.426
1152.444938,1152.444919,1661327470.731718,91779.000,13171,1,T1,1,100,35.362
1152.579155,1152.579136,1661327470.865935,91909.000,13188,1,T1,1,100,35.476
1152.713372,1152.713353,1661327471.000153,92039.000,13205,1,T1,1,100,35.560
1152.845524,1152.845506,1661327471.132305,92167.000,13226,1,T1,1,100,35.491
1152.977677,1152.977658,1661327471.264457,92295.000,13263,1,T1,1,100,35.425
1153.113959,1153.113940,1661327471.400739,92427.000,13283,1,T1,1,100,35.432
1153.248176,1153.248157,1661327471.534957,92557.000,13300,1,T1,1,100,35.400
1153.380328,1153.380310,1661327471.667109,92685.000,13317,1,T1,1,100,35.350
1153.513513,1153.513494,1661327471.800294,92814.000,13348,1,T1,1,100,35.435
1153.646698,1153.646679,1661327471.933479,92943.000,13368,1,T1,1,100,35.437
1153.777818,1153.777799,1661327472.064599,93070.000,13387,1,T1,1,100,35.366
1153.911003,1153.910984,1661327472.197783,93199.000,13404,1,T1,1,100,35.371
1154.044187,1154.044169,1661327472.330968,93328.000,13440,1,T1,1,100,35.409
1154.176340,1154.176321,1661327472.463120,93456.000,13456,1,T1,1,100,35.461
1154.310557,1154.310538,1661327472.597338,93586.000,13475,1,T1,1,100,35.483
1154.442709,1154.442691,1661327472.729490,93714.000,13507,1,T1,1,100,35.351
1154.574862,1154.574843,1661327472.861643,93842.000,13523,1,T1,1,100,35.400
1154.708046,1154.708028,1661327472.994827,93971.000,13543,1,T1,1,100,35.457
1154.841231,1154.841212,1661327473.128012,94100.000,13561,1,T1,1,100,35.446
1154.973383,1154.973365,1661327473.260164,94228.000,13593,1,T1,1,100,35.335
1155.104503,1155.104485,1661327473.391284,94355.000,13612,1,T1,1,100,35.358
1155.237688,1155.237669,1661327473.524469,94484.000,13628,1,T1,1,100,35.438
1155.370873,1155.370854,1661327473.657654,94613.000,13649,1,T1,1,100,35.367
1155.504058,1155.504039,1661327473.790839,94742.000,13682,1,T1,1,100,35.407
1155.635178,1155.635159,1661327473.921959,94869.000,13698,1,T1,1,100,35.460
1155.767330,1155.767311,1661327474.054111,94997.000,13718,1,T1,1,100,35.412
1155.901547,1155.901528,1661327474.188328,95127.000,13749,1,T1,1,100,35.391
1156.036797,1156.036778,1661327474.323578,95258.000,13768,1,T1,1,100,35.382
1156.168949,1156.168930,1661327474.455730,95386.000,13787,1,T1,1,100,35.413
1156.300069,1156.300050,1661327474.586850,95513.000,13803,1,T1,1,100,35.463
1156.432221,1156.432203,1661327474.719002,95641.000,13821,1,T1,1,100,35.413
1156.569536,1156.569517,1661327474.856317,95774.000,13854,1,T1,1,100,35.427
1156.704785,1156.704767,1661327474.991567,95905.000,13874,1,T1,1,100,35.327
1156.836938,1156.836919,1661327475.123719,96033.000,13895,1,T1,1,100,35.460
1156.968058,1156.968039,1661327475.254839,96160.000,13911,1,T1,1,100,35.554
1157.101242,1157.101224,1661327475.388024,96289.000,13945,1,T1,1,100,35.452
1157.237525,1157.237506,1661327475.524306,96421.000,13962,1,T1,1,100,35.444
1157.370709,1157.370691,1661327475.657491,96550.000,13979,1,T1,1,100,35.440
1157.502862,1157.502843,1661327475.789643,96678.000,13996,1,T1,1,100,35.439
1157.635014,1157.634995,1661327475.921796,96806.000,14030,1,T1,1,100,35.403
1157.769231,1157.769213,1661327476.056013,96936.000,14046,1,T1,1,100,35.458
1157.905513,1157.905495,1661327476.192295,97068.000,14063,1,T1,1,100,35.411
1158.037666,1158.037647,1661327476.324447,97196.000,14099,1,T1,1,100,35.391
1158.170850,1158.170832,1661327476.457632,97325.000,14120,1,T1,1,100,35.524
1158.306100,1158.306082,1661327476.592882,97456.000,14140,1,T1,1,100,35.439
1158.438252,1158.438234,1661327476.725034,97584.000,14157,1,T1,1,100,35.367
1158.571437,1158.571419,1661327476.858219,97713.000,14190,1,T1,1,100,35.443
1158.704622,1158.704603,1661327476.991404,97842.000,14208,1,T1,1,100,35.440
1158.837807,1158.837788,1661327477.124588,97971.000,14224,1,T1,1,100,35.403
1158.969959,1158.969941,1661327477.256741,98099.000,14241,1,T1,1,100,35.423
1159.101079,1159.101060,1661327477.387861,98226.000,14277,1,T1,1,100,35.396
1159.234264,1159.234245,1661327477.521045,98355.000,14293,1,T1,1,100,35.384
1159.367448,1159.367430,1661327477.654230,98484.000,14313,1,T1,1,100,35.414
1159.498568,1159.498550,1661327477.785350,98611.000,14329,1,T1,1,100,35.427
1159.630721,1159.630702,1661327477.917503,98739.000,14365,1,T1,1,100,35.504
1159.763905,1159.763887,1661327478.050688,98868.000,14385,1,T1,1,100,35.502
1159.897090,1159.897072,1661327478.183872,98997.000,14401,1,T1,1,100,35.465
1160.030275,1160.030257,1661327478.317057,99126.000,14421,1,T1,1,100,35.308
1160.163460,1160.163441,1661327478.450242,99255.000,14454,1,T1,1,100,35.417
1160.294580,1160.294561,1661327478.581362,99382.000,14470,1,T1,1,100,35.429
1160.427764,1160.427746,1661327478.714546,99511.000,14488,1,T1,1,100,35.292
1160.560949,1160.560931,1661327478.847731,99640.000,14506,1,T1,1,100,35.374
1160.693102,1160.693083,1661327478.979884,99768.000,14538,1,T1,1,100,35.410
1160.825254,1160.825235,1661327479.112036,99896.000,14555,1,T1,1,100,35.355
1160.958439,1160.958420,1661327479.245221,100025.000,14571,1,T1,1,100,35.402
1161.092656,1161.092637,1661327479.379438,100155.000,14605,1,T1,1,100,35.422
1161.228938,1161.228920,1661327479.515720,100287.000,14622,1,T1,1,100,35.466
1161.361090,1161.361072,1661327479.647873,100415.000,14644,1,T1,1,100,35.450
1161.493243,1161.493224,1661327479.780025,100543.000,14661,1,T1,1,100,35.407
1161.626427,1161.626409,1661327479.913210,100672.000,14693,1,T1,1,100,35.389
1161.760645,1161.760626,1661327480.047427,100802.000,14709,1,T1,1,100,35.452
1161.894862,1161.894843,1661327480.181644,100932.000,14726,1,T1,1,100,35.550
1162.029079,1162.029061,1661327480.315861,101062.000,14762,1,T1,1,100,35.486
1162.159167,1162.159148,1661327480.445949,101188.000,14778,1,T1,1,100,35.388
1162.292351,1162.292333,1661327480.579134,101317.000,14795,1,T1,1,100,35.416
1162.428633,1162.428615,1661327480.715416,101449.000,14812,1,T1,1,100,35.464
1162.561818,1162.561800,1661327480.848601,101578.000,14843,1,T1,1,100,35.449
1162.693970,1162.693952,1661327480.980753,101706.000,14861,1,T1,1,100,35.478
1162.825090,1162.825072,1661327481.111873,101833.000,14877,1,T1,1,100,35.419
1162.959308,1162.959289,1661327481.246090,101963.000,14899,1,T1,1,100,35.323
1163.095590,1163.095571,1661327481.382372,102095.000,14933,1,T1,1,100,35.494
1163.229807,1163.229788,1661327481.516590,102225.000,14949,1,T1,1,100,35.427
1163.361959,1163.361941,1661327481.648742,102353.000,14967,1,T1,1,100,35.433
1163.495144,1163.495126,1661327481.781927,102482.000,14990,1,T1,1,100,35.435
1163.626264,1163.626246,1661327481.913047,102609.000,15022,1,T1,1,100,35.437
1163.759449,1163.759430,1661327482.046232,102738.000,15039,1,T1,1,100,35.366
1163.892633,1163.892615,1661327482.179416,102867.000,15055,1,T1,1,100,35.407
1164.024786,1164.024767,1661327482.311568,102995.000,15073,1,T1,1,100,35.495
1164.156938,1164.156920,1661327482.443721,103123.000,15108,1,T1,1,100,35.427
1164.291155,1164.291137,1661327482.577938,103253.000,15124,1,T1,1,100,35.433
1164.423308,1164.423289,1661327482.710090,103381.000,15145,1,T1,1,100,35.542
1164.556492,1164.556474,1661327482.843275,103510.000,15163,1,T1,1,100,35.518
1164.689677,1164.689659,1661327482.976460,103639.000,15195,1,T1,1,100,35.543
1164.820797,1164.820779,1661327483.107580,103766.000,15212,1,T1,1,100,35.554
1164.953982,1164.953964,1661327483.240765,103895.000,15230,1,T1,1,100,35.417
1165.086134,1165.086116,1661327483.372917,104023.000,15250,1,T1,1,100,35.322
1165.218287,1165.218268,1661327483.505069,104151.000,15285,1,T1,1,100,35.459
1165.352504,1165.352485,1661327483.639287,104281.000,15302,1,T1,1,100,35.411
1165.484656,1165.484638,1661327483.771439,104409.000,15321,1,T1,1,100,35.391
1165.616808,1165.616790,1661327483.903591,104537.000,15337,1,T1,1,100,35.488
1165.749993,1165.749975,1661327484.036776,104666.000,15371,1,T1,1,100,35.566
1165.883178,1165.883160,1661327484.169961,104795.000,15390,1,T1,1,100,35.422
1166.014298,1166.014280,1661327484.301081,104922.000,15410,1,T1,1,100,35.502
1166.146450,1166.146432,1661327484.433233,105050.000,15429,1,T1,1,100,35.394
1166.279635,1166.279617,1661327484.566418,105179.000,15463,1,T1,1,100,35.454
1166.412820,1166.412801,1661327484.699603,105308.000,15479,1,T1,1,100,35.480
1166.547037,1166.547019,1661327484.833820,105438.000,15498,1,T1,1,100,35.456
1166.678673,1166.678655,1661327484.965456,105565.500,15530,2,T1,1,100,35.481
1166.810309,1166.810291,1661327485.097092,105693.000,15530,2,T1,1,100,35.492
1166.945559,1166.945541,1661327485.232342,105824.000,15562,1,T1,1,100,35.461
1167.079776,1167.079758,1661327485.366560,105954.000,15581,1,T1,1,100,35.448
1167.211928,1167.211910,1661327485.498712,106082.000,15600,1,T1,1,100,35.584
1167.343048,1167.343030,1661327485.629832,106209.000,15632,1,T1,1,100,35.465
1167.475201,1167.475182,1661327485.761984,106337.000,15651,1,T1,1,100,35.556
1167.612515,1167.612497,1661327485.899299,106470.000,15670,1,T1,1,100,35.560
1167.746732,1167.746714,1661327486.033516,106600.000,15687,1,T1,1,100,35.490
1167.878885,1167.878866,1661327486.165668,106728.000,15720,1,T1,1,100,35.460
1168.010005,1168.009986,1661327486.296788,106855.000,15738,1,T1,1,100,35.554
1168.143189,1168.143171,1661327486.429973,106984.000,15756,1,T1,1,100,35.559
1168.279471,1168.279453,1661327486.566255,107116.000,15790,1,T1,1,100,35.490
1168.411624,1168.411606,1661327486.698407,107244.000,15807,1,T1,1,100,35.496
1168.544809,1168.544790,1661327486.831592,107373.000,15823,1,T1,1,100,35.498
1168.677993,1168.677975,1661327486.964777,107502.000,15843,1,T1,1,100,35.322
1168.811178,1168.811160,1661327487.097962,107631.000,15864,1,T1,1,100,35.494
1168.944879,1168.944861,1661327487.231663,107760.500,15899,2,T1,1,100,35.497
1169.078580,1169.078562,1661327487.365364,107890.000,15899,2,T1,1,100,35.463
1169.211765,1169.211747,1661327487.498549,108019.000,15932,1,T1,1,100,35.413
1169.342885,1169.342867,1661327487.629668,108146.000,15952,1,T1,1,100,35.498
1169.475037,1169.475019,1661327487.761821,108274.000,15968,1,T1,1,100,35.428
1169.608222,1169.608204,1661327487.895006,108403.000,15987,1,T1,1,100,35.504
1169.740374,1169.740356,1661327488.027158,108531.000,16021,1,T1,1,100,35.537
1169.874591,1169.874573,1661327488.161375,108661.000,16037,1,T1,1,100,35.374
1170.006744,1170.006726,1661327488.293528,108789.000,16055,1,T1,1,100,35.410
1170.138896,1170.138878,1661327488.425680,108917.000,16073,1,T1,1,100,35.426
1170.272081,1170.272063,1661327488.558865,109046.000,16107,1,T1,1,100,35.503
1170.405266,1170.405247,1661327488.692050,109175.000,16124,1,T1,1,100,35.501
1170.536386,1170.536367,1661327488.823169,109302.000,16143,1,T1,1,100,35.607
1170.667505,1170.667487,1661327488.954289,109429.000,16177,1,T1,1,100,35.617
1170.800690,1170.800672,1661327489.087474,109558.000,16194,1,T1,1,100,35.551
1170.933875,1170.933857,1661327489.220659,109687.000,16212,1,T1,1,100,35.522
1171.067060,1171.067042,1661327489.353844,109816.000,16232,1,T1,1,100,35.509
1171.200245,1171.200226,1661327489.487029,109945.000,16265,1,T1,1,100,35.433
1171.331364,1171.331346,1661327489.618149,110072.000,16282,1,T1,1,100,35.507
1171.464549,1171.464531,1661327489.751333,110201.000,16301,1,T1,1,100,35.361
1171.597734,1171.597716,1661327489.884518,110330.000,16317,1,T1,1,100,35.475
1171.728854,1171.728836,1661327490.015638,110457.000,16351,1,T1,1,100,35.525
1171.861006,1171.860988,1661327490.147790,110585.000,16368,1,T1,1,100,35.404
1171.994191,1171.994173,1661327490.280975,110714.000,16387,1,T1,1,100,35.423
1172.129441,1172.129422,1661327490.416225,110845.000,16423,1,T1,1,100,35.538
1172.264690,1172.264672,1661327490.551475,110976.000,16440,1,T1,1,100,35.481
1172.396843,1172.396824,1661327490.683627,111104.000,16457,1,T1,1,100,35.492
1172.527962,1172.527944,1661327490.814747,111231.000,16476,1,T1,1,100,35.532
1172.661147,1172.661129,1661327490.947932,111360.000,16508,1,T1,1,100,35.514
1172.795364,1172.795346,1661327491.082149,111490.000,16524,1,T1,1,100,35.506
1172.929582,1172.929564,1661327491.216366,111620.000,16543,1,T1,1,100,35.503
1173.062766,1173.062748,1661327491.349551,111749.000,16560,1,T1,1,100,35.572
1173.195951,1173.195933,1661327491.482736,111878.000,16595,1,T1,1,100,35.425
1173.329136,1173.329118,1661327491.615921,112007.000,16613,1,T1,1,100,35.432
1173.464386,1173.464368,1661327491.751170,112138.000,16631,1,T1,1,100,35.435
1173.596538,1173.596520,1661327491.883322,112266.000,16668,1,T1,1,100,35.401
1173.729723,1173.729705,1661327492.016507,112395.000,16685,1,T1,1,100,35.528
1173.862908,1173.862889,1661327492.149692,112524.000,16701,1,T1,1,100,35.583
1173.995060,1173.995042,1661327492.281845,112652.000,16720,1,T1,1,100,35.465
1174.130310,1174.130291,1661327492.417094,112783.000,16759,1,T1,1,100,35.520
1174.264527,1174.264509,1661327492.551311,112913.000,16775,1,T1,1,100,35.615
1174.396679,1174.396661,1661327492.683464,113041.000,16795,1,T1,1,100,35.479
1174.529864,1174.529846,1661327492.816649,113170.000,16826,1,T1,1,100,35.526
1174.662016,1174.661998,1661327492.948801,113298.000,16843,1,T1,1,100,35.547
1174.795201,1174.795183,1661327493.081986,113427.000,16860,1,T1,1,100,35.414
1174.928386,1174.928368,1661327493.215171,113556.000,16878,1,T1,1,100,35.427
1175.059506,1175.059488,1661327493.346291,113683.000,16912,1,T1,1,100,35.504
1175.191658,1175.191640,1661327493.478443,113811.000,16932,1,T1,1,100,35.502
1175.325875,1175.325857,1661327493.612660,113941.000,16949,1,T1,1,100,35.501
1175.458027,1175.458009,1661327493.744812,114069.000,16966,1,T1,1,100,35.465
1175.591212,1175.591194,1661327493.877997,114198.000,17000,1,T1,1,100,35.485
1175.724397,1175.724379,1661327494.011182,114327.000,17018,1,T1,1,100,35.387
1175.855517,1175.855499,1661327494.142302,114454.000,17035,1,T1,1,100,35.522
1175.988702,1175.988684,1661327494.275487,114583.000,17054,1,T1,1,100,35.545
1176.120854,1176.120836,1661327494.407639,114711.000,17073,1,T1,1,100,35.484
1176.253006,1176.252988,1661327494.539792,114839.000,17105,1,T1,1,100,35.458
1176.386191,1176.386173,1661327494.672976,114968.000,17121,1,T1,1,100,35.517
1176.519376,1176.519358,1661327494.806161,115097.000,17140,1,T1,1,100,35.578
1176.651528,1176.651510,1661327494.938313,115225.000,17162,1,T1,1,100,35.676
1176.784713,1176.784695,1661327495.071498,115354.000,17193,1,T1,1,100,35.576
1176.917898,1176.917880,1661327495.204683,115483.000,17213,1,T1,1,100,35.497
1177.049018,1177.049000,1661327495.335803,115610.000,17231,1,T1,1,100,35.534
1177.181170,1177.181152,1661327495.467955,115738.000,17248,1,T1,1,100,35.515
1177.314355,1177.314337,1661327495.601140,115867.000,17282,1,T1,1,100,35.542
1177.447540,1177.447522,1661327495.734325,115996.000,17298,1,T1,1,100,35.554
1177.581757,1177.581739,1661327495.868542,116126.000,17315,1,T1,1,100,35.488
1177.711844,1177.711826,1661327495.998630,116252.000,17334,1,T1,1,100,35.459
1177.845029,1177.845011,1661327496.131814,116381.000,17365,1,T1,1,100,35.482
1177.980279,1177.980261,1661327496.267064,116512.000,17385,1,T1,1,100,35.528
1178.114496,1178.114478,1661327496.401281,116642.000,17403,1,T1,1,100,35.512
1178.247681,1178.247663,1661327496.534466,116771.000,17425,1,T1,1,100,35.434
1178.379833,1178.379815,1661327496.666619,116899.000,17442,1,T1,1,100,35.472
1178.510953,1178.510935,1661327496.797738,117026.000,17473,1,T1,1,100,35.488
1178.648267,1178.648249,1661327496.935053,117159.000,17491,1,T1,1,100,35.530
1178.781452,1178.781434,1661327497.068238,117288.000,17507,1,T1,1,100,35.513
1178.913605,1178.913587,1661327497.200390,117416.000,17539,1,T1,1,100,35.541
1179.046789,1179.046771,1661327497.333575,117545.000,17560,1,T1,1,100,35.447
1179.178942,1179.178924,1661327497.465727,117673.000,17578,1,T1,1,100,35.512
1179.314191,1179.314173,1661327497.600977,117804.000,17601,1,T1,1,100,35.505
1179.446344,1179.446326,1661327497.733129,117932.000,17619,1,T1,1,100,35.467
1179.579528,1179.579510,1661327497.866314,118061.000,17651,1,T1,1,100,35.415
1179.711681,1179.711663,1661327497.998466,118189.000,17671,1,T1,1,100,35.534
1179.847963,1179.847945,1661327498.134749,118321.000,17687,1,T1,1,100,35.479
1179.983212,1179.983194,1661327498.269998,118452.000,17705,1,T1,1,100,35.562
1180.115881,1180.115863,1661327498.402667,118580.500,17728,2,T1,1,100,35.598
1180.248550,1180.248532,1661327498.535336,118709.000,17728,2,T1,1,100,35.542
1180.379669,1180.379651,1661327498.666455,118836.000,17747,1,T1,1,100,35.589
1180.512854,1180.512836,1661327498.799640,118965.000,17764,1,T1,1,100,35.610
1180.646039,1180.646021,1661327498.932825,119094.000,17781,1,T1,1,100,35.583
1180.778191,1180.778173,1661327499.064977,119222.000,17799,1,T1,1,100,35.571
1180.912409,1180.912391,1661327499.199195,119352.000,17817,1,T1,1,100,35.566
1181.044561,1181.044543,1661327499.331347,119480.000,17837,1,T1,1,100,35.529
1181.176713,1181.176695,1661327499.463499,119608.000,17868,1,T1,1,100,35.619
1181.309898,1181.309880,1661327499.596684,119737.000,17888,1,T1,1,100,35.587
1181.443083,1181.443065,1661327499.729869,119866.000,17905,1,T1,1,100,35.608
1181.575235,1181.575217,1661327499.862021,119994.000,17921,1,T1,1,100,35.582
1181.706355,1181.706337,1661327499.993141,120121.000,17955,1,T1,1,100,35.571
1181.839540,1181.839522,1661327500.126326,120250.000,17972,1,T1,1,100,35.566
1181.972725,1181.972707,1661327500.259511,120379.000,17989,1,T1,1,100,35.493
1182.105909,1182.105891,1661327500.392696,120508.000,18010,1,T1,1,100,35.568
1182.238062,1182.238044,1661327500.524848,120636.000,18042,1,T1,1,100,35.565
1182.369182,1182.369164,1661327500.655968,120763.000,18058,1,T1,1,100,35.564
1182.502366,1182.502348,1661327500.789153,120892.000,18077,1,T1,1,100,35.527
1182.635551,1182.635533,1661327500.922338,121021.000,18094,1,T1,1,100,35.547
1182.767703,1182.767686,1661327501.054490,121149.000,18128,1,T1,1,100,35.556
1182.901921,1182.901903,1661327501.188707,121279.000,18145,1,T1,1,100,35.560
1183.034073,1183.034055,1661327501.320859,121407.000,18164,1,T1,1,100,35.668
1183.170355,1183.170337,1661327501.457141,121539.000,18199,1,T1,1,100,35.608
1183.305605,1183.305587,1661327501.592391,121670.000,18217,1,T1,1,100,35.511
1183.437757,1183.437739,1661327501.724544,121798.000,18235,1,T1,1,100,35.540
1183.570942,1183.570924,1661327501.857728,121927.000,18252,1,T1,1,100,35.659
1183.702062,1183.702044,1661327501.988848,122054.000,18286,1,T1,1,100,35.569
1183.838344,1183.838326,1661327502.125130,122186.000,18302,1,T1,1,100,35.530
1183.971529,1183.971511,1661327502.258315,122315.000,18322,1,T1,1,100,35.584
1184.104713,1184.104695,1661327502.391500,122444.000,18355,1,T1,1,100,35.536
1184.237898,1184.237880,1661327502.524685,122573.000,18372,1,T1,1,100,35.551
1184.370050,1184.370033,1661327502.656837,122701.000,18392,1,T1,1,100,35.593
1184.506333,1184.506315,1661327502.793119,122833.000,18408,1,T1,1,100,35.611
1184.638485,1184.638467,1661327502.925272,122961.000,18432,1,T1,1,100,35.654
1184.771670,1184.771652,1661327503.058456,123090.000,18464,1,T1,1,100,35.602
1184.904854,1184.904837,1661327503.191641,123219.000,18480,1,T1,1,100,35.580
1185.037007,1185.036989,1661327503.323794,123347.000,18502,1,T1,1,100,35.570
1185.171224,1185.171206,1661327503.458011,123477.000,18533,1,T1,1,100,35.672
1185.305441,1185.305423,1661327503.592228,123607.000,18550,1,T1,1,100,35.681
1185.437594,1185.437576,1661327503.724380,123735.000,18569,1,T1,1,100,35.507
1185.569746,1185.569728,1661327503.856533,123863.000,18585,1,T1,1,100,35.574
1185.700866,1185.700848,1661327503.987653,123990.000,18619,1,T1,1,100,35.532
1185.834051,1185.834033,1661327504.120837,124119.000,18636,1,T1,1,100,35.549
1185.967235,1185.967217,1661327504.254022,124248.000,18656,1,T1,1,100,35.557
1186.098355,1186.098337,1661327504.385142,124375.000,18675,1,T1,1,100,35.525
1186.230508,1186.230490,1661327504.517295,124503.000,18707,1,T1,1,100,35.546
1186.363692,1186.363674,1661327504.650479,124632.000,18723,1,T1,1,100,35.591
1186.496877,1186.496859,1661327504.783664,124761.000,18740,1,T1,1,100,35.646
1186.630062,1186.630044,1661327504.916849,124890.000,18772,1,T1,1,100,35.528
1186.763247,1186.763229,1661327505.050034,125019.000,18788,1,T1,1,100,35.547
1186.894367,1186.894349,1661327505.181154,125146.000,18805,1,T1,1,100,35.627
1187.027551,1187.027533,1661327505.314338,125275.000,18826,1,T1,1,100,35.484
1187.159704,1187.159686,1661327505.446491,125403.000,18859,1,T1,1,100,35.564
1187.291856,1187.291838,1661327505.578643,125531.000,18877,1,T1,1,100,35.634
1187.424008,1187.423990,1661327505.710796,125659.000,18898,1,T1,1,100,35.558
1187.558225,1187.558208,1661327505.845013,125789.000,18915,1,T1,1,100,35.561
1187.689345,1187.689328,1661327505.976133,125916.000,18947,1,T1,1,100,35.562
1187.822530,1187.822512,1661327506.109318,126045.000,18965,1,T1,1,100,35.669
1187.958812,1187.958794,1661327506.245600,126177.000,18983,1,T1,1,100,35.608
1188.093029,1188.093012,1661327506.379817,126307.000,19016,1,T1,1,100,35.582
1188.226214,1188.226196,1661327506.513002,126436.000,19032,1,T1,1,100,35.571
1188.356302,1188.356284,1661327506.643089,126562.000,19050,1,T1,1,100,35.495
1188.489486,1188.489469,1661327506.776274,126691.000,19068,1,T1,1,100,35.640
1188.623704,1188.623686,1661327506.910491,126821.000,19102,1,T1,1,100,35.596
1188.755856,1188.755838,1661327507.042644,126949.000,19119,1,T1,1,100,35.577
1188.888008,1188.887991,1661327507.174796,127077.000,19136,1,T1,1,100,35.569
1189.023258,1189.023240,1661327507.310045,127208.000,19158,1,T1,1,100,35.530
1189.156443,1189.156425,1661327507.443230,127337.000,19191,1,T1,1,100,35.477
1189.289628,1189.289610,1661327507.576415,127466.000,19208,1,T1,1,100,35.632
1189.421780,1189.421762,1661327507.708568,127594.000,19225,1,T1,1,100,35.557
1189.553932,1189.553914,1661327507.840720,127722.000,19261,1,T1,1,100,35.489
1189.690214,1189.690197,1661327507.977002,127854.000,19277,1,T1,1,100,35.531
1189.824432,1189.824414,1661327508.111219,127984.000,19294,1,T1,1,100,35.620
1189.956584,1189.956566,1661327508.243371,128112.000,19316,1,T1,1,100,35.552
1190.089769,1190.089751,1661327508.376556,128241.000,19351,1,T1,1,100,35.664
1190.222953,1190.222936,1661327508.509741,128370.000,19368,1,T1,1,100,35.642
1190.357171,1190.357153,1661327508.643958,128500.000,19385,1,T1,1,100,35.526
1190.489323,1190.489305,1661327508.776111,128628.000,19417,1,T1,1,100,35.547
1190.622508,1190.622490,1661327508.909296,128757.000,19437,1,T1,1,100,35.591
1190.753628,1190.753610,1661327509.040416,128884.000,19455,1,T1,1,100,35.610
1190.889910,1190.889892,1661327509.176698,129016.000,19472,1,T1,1,100,35.619
1191.024127,1191.024109,1661327509.310915,129146.000,19508,1,T1,1,100,35.551
1191.156279,1191.156262,1661327509.443067,129274.000,19526,1,T1,1,100,35.522
1191.289464,1191.289446,1661327509.576252,129403.000,19544,1,T1,1,100,35.545
1191.420584,1191.420566,1661327509.707372,129530.000,19562,1,T1,1,100,35.661
1191.553769,1191.553751,1661327509.840557,129659.000,19594,1,T1,1,100,35.605
1191.685921,1191.685903,1661327509.972709,129787.000,19611,1,T1,1,100,35.652
1191.818073,1191.818056,1661327510.104861,129915.000,19627,1,T1,1,100,35.637
1191.952291,1191.952273,1661327510.239079,130045.000,19644,1,T1,1,100,35.524
1192.084443,1192.084425,1661327510.371231,130173.000,19683,1,T1,1,100,35.546
1192.216595,1192.216578,1661327510.503383,130301.000,19699,1,T1,1,100,35.591
1192.349780,1192.349762,1661327510.636568,130430.000,19717,1,T1,1,100,35.575
1192.482965,1192.482947,1661327510.769753,130559.000,19750,1,T1,1,100,35.603
1192.616150,1192.616132,1661327510.902938,130688.000,19767,1,T1,1,100,35.616
1192.748302,1192.748284,1661327511.035090,130816.000,19786,1,T1,1,100,35.656
1192.879422,1192.879404,1661327511.166210,130943.000,19804,1,T1,1,100,35.674
1193.011574,1193.011556,1661327511.298362,131071.000,19840,1,T1,1,100,35.717
1193.148889,1193.148871,1661327511.435677,131204.000,19857,1,T1,1,100,35.629
1193.284138,1193.284121,1661327511.570927,131335.000,19874,1,T1,1,100,35.556
1193.416291,1193.416273,1661327511.703079,131463.000,19907,1,T1,1,100,35.631
1193.547411,1193.547393,1661327511.834199,131590.000,19928,1,T1,1,100,35.663
1193.680595,1193.680578,1661327511.967384,131719.000,19944,1,T1,1,100,35.570
1193.815845,1193.815827,1661327512.102633,131850.000,19963,1,T1,1,100,35.601
1193.949030,1193.949012,1661327512.235818,131979.000,19999,1,T1,1,100,35.686
1194.080150,1194.080132,1661327512.366938,132106.000,20015,1,T1,1,100,35.509
1194.216432,1194.216414,1661327512.503220,132238.000,20032,1,T1,1,100,35.540
1194.350649,1194.350631,1661327512.637438,132368.000,20049,1,T1,1,100,35.659
1194.482801,1194.482784,1661327512.769590,132496.000,20082,1,T1,1,100,35.498
1194.615986,1194.615968,1661327512.902775,132625.000,20100,1,T1,1,100,35.464
1194.749171,1194.749153,1661327513.035959,132754.000,20118,1,T1,1,100,35.520
1194.885453,1194.885435,1661327513.172242,132886.000,20152,1,T1,1,100,35.615
1195.017605,1195.017588,1661327513.304394,133014.000,20174,1,T1,1,100,35.692
1195.150790,1195.150772,1661327513.437579,133143.000,20192,1,T1,1,100,35.760
1195.283975,1195.283957,1661327513.570764,133272.000,20215,1,T1,1,100,35.719
1195.417160,1195.417142,1661327513.703948,133401.000,20248,1,T1,1,100,35.630
1195.552409,1195.552392,1661327513.839198,133532.000,20264,1,T1,1,100,35.698
1195.684562,1195.684544,1661327513.971350,133660.000,20284,1,T1,1,100,35.657
1195.817746,1195.817729,1661327514.104535,133789.000,20315,1,T1,1,100,35.745
1195.949899,1195.949881,1661327514.236688,133917.000,20332,1,T1,1,100,35.677
1196.083083,1196.083066,1661327514.369872,134046.000,20353,1,T1,1,100,35.612
1196.217301,1196.217283,1661327514.504090,134176.000,20371,1,T1,1,100,35.619
1196.350485,1196.350468,1661327514.637275,134305.000,20403,1,T1,1,100,35.658
1196.483670,1196.483653,1661327514.770459,134434.000,20420,1,T1,1,100,35.639
1196.616855,1196.616837,1661327514.903644,134563.000,20440,1,T1,1,100,35.667
1196.749007,1196.748990,1661327515.035796,134691.000,20457,1,T1,1,100,35.643
1196.882192,1196.882175,1661327515.168981,134820.000,20491,1,T1,1,100,35.633
1197.015377,1197.015359,1661327515.302166,134949.000,20509,1,T1,1,100,35.735
1197.146497,1197.146479,1661327515.433286,135076.000,20526,1,T1,1,100,35.672
1197.277617,1197.277599,1661327515.564406,135203.000,20543,1,T1,1,100,35.646
1197.410801,1197.410784,1661327515.697591,135332.000,20574,1,T1,1,100,35.705
1197.542954,1197.542936,1661327515.829743,135460.000,20591,1,T1,1,100,35.589
1197.677171,1197.677153,1661327515.963960,135590.000,20608,1,T1,1,100,35.609
1197.813453,1197.813436,1661327516.100242,135722.000,20641,1,T1,1,100,35.583
1197.945605,1197.945588,1661327516.232395,135850.000,20661,1,T1,1,100,35.500
1198.077758,1198.077740,1661327516.364547,135978.000,20682,1,T1,1,100,35.571
1198.210942,1198.210925,1661327516.497732,136107.000,20699,1,T1,1,100,35.637
1198.345160,1198.345142,1661327516.631949,136237.000,20716,1,T1,1,100,35.666
1198.479377,1198.479359,1661327516.766166,136367.000,20749,1,T1,1,100,35.749
1198.613594,1198.613577,1661327516.900383,136497.000,20767,1,T1,1,100,35.750
1198.743682,1198.743664,1661327517.030471,136623.000,20783,1,T1,1,100,35.643
1198.876866,1198.876849,1661327517.163656,136752.000,20815,1,T1,1,100,35.633
1199.013148,1199.013131,1661327517.299938,136884.000,20836,1,T1,1,100,35.664
1199.146333,1199.146316,1661327517.433123,137013.000,20852,1,T1,1,100,35.677
1199.278486,1199.278468,1661327517.565275,137141.000,20872,1,T1,1,100,35.648
1199.409605,1199.409588,1661327517.696395,137268.000,20903,1,T1,1,100,35.706
1199.542790,1199.542773,1661327517.829580,137397.000,20921,1,T1,1,100,35.554
1199.675975,1199.675958,1661327517.962765,137526.000,20939,1,T1,1,100,35.594
1199.809160,1199.809142,1661327518.095949,137655.000,20973,1,T1,1,100,35.683
1199.942345,1199.942327,1661327518.229134,137784.000,20992,1,T1,1,100,35.685
1200.077594,1200.077577,1661327518.364384,137915.000,21009,1,T1,1,100,35.616
1200.209747,1200.209729,1661327518.496536,138043.000,21027,1,T1,1,100,35.692
1200.342931,1200.342914,1661327518.629721,138172.000,21045,1,T1,1,100,35.618
1200.476116,1200.476099,1661327518.762906,138301.000,21061,1,T1,1,100,35.622
1200.608268,1200.608251,1661327518.895058,138429.000,21102,1,T1,1,100,35.730
1200.743518,1200.743501,1661327519.030308,138560.000,21119,1,T1,1,100,35.741
1200.877735,1200.877718,1661327519.164525,138690.000,21135,1,T1,1,100,35.711
1201.009888,1201.009870,1661327519.296677,138818.000,21153,1,T1,1,100,35.662
1201.143072,1201.143055,1661327519.429862,138947.000,21191,1,T1,1,100,35.677
1201.277290,1201.277272,1661327519.564080,139077.000,21208,1,T1,1,100,35.718
1201.411507,1201.411489,1661327519.698297,139207.000,21227,1,T1,1,100,35.665
1201.544692,1201.544674,1661327519.831481,139336.000,21261,1,T1,1,100,35.678
1201.676844,1201.676826,1661327519.963634,139464.000,21277,1,T1,1,100,35.612
1201.807964,1201.807946,1661327520.094754,139591.000,21298,1,T1,1,100,35.620
1201.945278,1201.945261,1661327520.232068,139724.000,21314,1,T1,1,100,35.587
1202.078463,1202.078446,1661327520.365253,139853.000,21348,1,T1,1,100,35.715
1202.210615,1202.210598,1661327520.497406,139981.000,21365,1,T1,1,100,35.628
1202.344833,1202.344815,1661327520.631623,140111.000,21382,1,T1,1,100,35.697
1202.478017,1202.478000,1661327520.764807,140240.000,21413,1,T1,1,100,35.656
1202.610170,1202.610152,1661327520.896960,140368.000,21431,1,T1,1,100,35.709
1202.741290,1202.741272,1661327521.028080,140495.000,21450,1,T1,1,100,35.697
1202.875507,1202.875489,1661327521.162297,140625.000,21467,1,T1,1,100,35.763
1203.011789,1203.011772,1661327521.298579,140757.000,21501,1,T1,1,100,35.720
1203.146006,1203.145989,1661327521.432796,140887.000,21517,1,T1,1,100,35.666
1203.277126,1203.277109,1661327521.563916,141014.000,21535,1,T1,1,100,35.678
1203.409278,1203.409261,1661327521.696069,141142.000,21551,1,T1,1,100,35.648
1203.544528,1203.544511,1661327521.831318,141273.000,21585,1,T1,1,100,35.600
1203.678745,1203.678728,1661327521.965536,141403.000,21602,1,T1,1,100,35.720
1203.810898,1203.810880,1661327522.097688,141531.000,21618,1,T1,1,100,35.631
1203.942017,1203.942000,1661327522.228808,141658.000,21635,1,T1,1,100,35.628
1204.074170,1204.074152,1661327522.360960,141786.000,21669,1,T1,1,100,35.697
1204.211484,1204.211467,1661327522.498275,141919.000,21689,1,T1,1,100,35.727
1204.345702,1204.345684,1661327522.632492,142049.000,21706,1,T1,1,100,35.598
1204.477854,1204.477837,1661327522.764644,142177.000,21722,1,T1,1,100,35.578
1204.608974,1204.608956,1661327522.895764,142304.000,21754,1,T1,1,100,35.605
1204.743191,1204.743174,1661327523.029982,142434.000,21771,1,T1,1,100,35.581
1204.879473,1204.879456,1661327523.166264,142566.000,21787,1,T1,1,100,35.641
1205.011625,1205.011608,1661327523.298416,142694.000,21807,1,T1,1,100,35.703
1205.142745,1205.142728,1661327523.429536,142821.000,21838,1,T1,1,100,35.623
1205.280060,1205.280043,1661327523.566851,142954.000,21857,1,T1,1,100,35.553
1205.413245,1205.413227,1661327523.700035,143083.000,21874,1,T1,1,100,35.629
1205.545397,1205.545380,1661327523.832188,143211.000,21906,1,T1,1,100,35.662
1205.678582,1205.678564,1661327523.965373,143340.000,21922,1,T1,1,100,35.641
1205.810734,1205.810717,1661327524.097525,143468.000,21949,1,T1,1,100,35.667
1205.945984,1205.945966,1661327524.232774,143599.000,21968,1,T1,1,100,35.502
1206.078136,1206.078119,1661327524.364927,143727.000,21987,1,T1,1,100,35.572
1206.211321,1206.211304,1661327524.498112,143856.000,22003,1,T1,1,100,35.708
1206.343473,1206.343456,1661327524.630264,143984.000,22021,1,T1,1,100,35.732
